channel, id
T-Series Official Channel,Tseries
Spi0n,Spi0n
IGN,ign
Red Bull,RedBull
HUM TV,humtv
Karim Debbache,karimdebbache
ARY NEWS,arynews
FanReviews,FanReviews
Splash News,splashnews
HD Hungama Official Channel,sohailshoukat2704
Geo News,GeoNews
ODN,ODN
Rémi Gaillard,nqtv
Bollywood Online Music,bollywoodonlinemusic
videobash,videobash
Joueur du Grenier,joueurdugrenier
Rajshri,Rajshri
vavelya,vavelya
WatchMojo,MojoSupreme
DramaCafeTV,DramaCafeTV
PALMASHOW,Palmashow
Coke Studio Pakistan,cokestudiopakistan
Aventures,Aventures
mozinor,mozinor
Craze Digital Movies,crazedigitalmovies
IndianMovies1,IndianMovies1
bangtansubs,bangtansubs2
Barcroft TV,BarcroftTV
worldwideinterweb,worldwideinterweb
Aflam HD,MazzikaHits
DramaCafeChannel,DramaCafeChannel
JukinVideo,JukinVideo
Dunya News,dunyanews
storyfulviral,storyfulviral
Le Rewind,lerewind
GameSpot,GameSpot
Bibi300,bibi300
PoP Anime-i.com- animetop แนะนำการ์ตูนน,popanimei
تى فى العرب,aflamonlin
The Pet Collective,thepetcollective
Teaser-Trailer.com,teasertrailer
ARY Digital,arydigitalofficial
Boiler Room,brtvofficial
Pashto Tang Takoor,pashtotanktakoor
VEVO,VEVO
Eros Now,ErosNow
Le Fossoyeur De Films,LeFossoyeurDeFilms
Bollywood Live,ItsBollywoodLive
HD SONGS,HD-SONG
The Onion,theonion
Hooper,Hooper11
Guardian,Guardian
hollywoodtv,hollywoodtv
Viral Clips Daily,viralcd
Pause Music,PauseMusic
Believe_in_Magic.tv  code@cero,believe_in_magic
UrduPost,zemtv
MovieSpawn,moviespawn
And Finally,ODNandfinally
FC Barcelona,fcbarcelona
All4WaTcH Official Channel,All4WaTcH
France Inter,franceinter
Punjabiworld4u Official,punjabiworld4uofficial
euronews (in English),euronews-en
Millenium_TV,Millenium_TV
WhatCulture,whatculture
Film&Clips,FILMandCLIPS
Complex,Complex
Sidra Batool,dailysongs
ShahidHD,shahidHD
lezapping,lezapping
بانوراما عالمي للفن التركي,nzfilm
Europe1fr,Europe1fr
Livestation,livestation
makis132011,makis132011
Oggy Official,OggyOfficial
ELECTRONIC BEATS TV,electronicbeatstv
ichigocherry,ichigocherry
Hindi Movie Trailer,HindiMovieTrailer
"Globovisión, Información Responsable y Veraz",Globovision
Rooftop Comedy,rooftopcomedy
Bollywood Backstage,bollywoodbackstage
Bestofmusic,maxiocio
Naat Online,NaatOnline
Bollywood HD Song & HD Movies,BollywoodHDSongHDMovies
Crunchyroll,crunchyroll
isubs,isubs
Bollywood NOW,BollywoodNow
Buzz60,Buzz60
CBS,cbs
dybex,dybex
Kyungsoo_Lover,Kyungsoo_Lover
BFI Films,BFIfilms
Venessa Chun,theblingdinosaur
Army Base Subs,ArmyBaseSubs
Exercises in Futility Archive,EIFArchive
RIDERS MATCH,Riders-Match
CGRtrailers,CGRtrailers
Viral Spiral,Viral-spiral
mondomedia,mondomedia
TheBollywoodShow,TheBollywoodShow
The Best Vines,TheBestVines
viddsee,viddsee
Line Session,LineSession
Renderyard,renderyardchannel
Mister Buzz,MisterBuzz
ClassicGameRoom,ClassicGameRoom
EmpireMagazine,EmpireMagazine
Mashable,Mashable
AgrigentoTV,AgrigentoTV
associatedpress,associatedpress
CNET,CNET
Le Monde.fr,lemondefr
Les Guignols,lesguignols
FailArmy,FailArmy
Anime-i.com,popanimeii
FashionTV,Fashion_TV
Naito75,naito75
BFMTV,BFMTV
Entertainment Tonight,EntertainmentTonight
Fresh Songs HD,freshsongshd
Overdrive Infinity,OverdriveInfinity
ClevverMovies,ClevverMovies
NowThis,NowThis
MMMGlobal,MMMGlobal
EXO Team 360kpop,exoteam360kpop2
DOMINO RECORDING COMPANY,domino
filmigaane,filmigaane
ksnSUBS_,ksnSUBS_
Nadeem Sukhera,nadeemsukhera
Usulmaster,zulmastr
Funmazaa,m5870696
ERTV,ERTV
Tips Official,TipsOfficial
List25,list25
shinebandexo,shinebandexo
GOT7THSUB,justbam
usatodaysports,usatodaysports
No Comment TV,nocommenttv
YRF,yrf
InsideGrandPrix,InsideGrandPrix
FilmGorillas.com,FilmGorillas
Filmow,filmow
The Hot Movie TV,movieinhere22
Wochit Headline News,wochit
مسلسلات رمضان 2016,SiimOz
구름,svaensk
Evidence Production,evidenceprod
My Little Pony,My-Little-Pony-Episodes
Beyond Records,BeyondRecordLabel
DCTC Toy Channel,MaterCarClub
minsuga,minsuga
Bollywood Uncut,BollywoodUncut
PeteRock,PeteRock
Lehren TV,lehren
newmaritk1,newmaritk1
YGSRASubs,YGSRASubs
Financial Times,FinancialTimes
baekhundred,baekhundred
jannylovely03,jannylovely03
La Chanson du Dimanche,lachansondudimanche
PressAssociation,PressAssociation
ninonanoni,ninonanoni
sh5bta,sh5bta
Geo TV,GeoTV
Iti63,iti63
Aypierre,Aypierre
negas,ralnegas
HelloFlora,helloflora_
Showtime,Showtime
LES VIDEO EN BAZARS D' ALEX,alex25101990
A Group,auer1
Suleiman EL GRAN SULTAN,gransultan
3sk1080p,3sk1080p
PTV Sports,PTVSports
PSG,PSG
INA,ina
thaifullbarbie,thaifullbarbie
La Rosa De Guadalupe,larosadeguadalupe
Ultimate Fighting Championship,UFC
ดูหนังพากย์ไทย HD,eren-yeager
Lokdhun Punjabi,htpunjabi
Do You_Like_Lemongina.tv #01,believe_in_magic365
EntertainmentCat,entertainmentcat
WWE World Wrestling Entertainment,WWE_Deutschland
JUST JAM LONDON,justjamlondon
China Movie Channel | 电影频道,krtv1
iKON Global,ikon_global
LoveThailandOne,Lovethailandone
Asia2tv.com,Asia2Tv
telegraph,telegraphvideo
M&M TV,f560392404
PakistaniDrama,PakistaniDrama
KissTube,KissTube
KennO_Mart,KennO_Mart
King Carlitos,KiNg-CaRLiToS
OnlineDrama,watchdramaonline
Thai4U Channel,tjhinnjatngo
임ちゃんねる,dimKJ
FILMSACTU,Filmsactu
Worldwide Festival,worldwidefestival
MrLEV12,MrLEV12
grandeetoile,grandeetoile
20Minutes,20Minutes
GQ,gq
rtl.fr,rtl-fr
eclypsia,eclypsia
World Rugby,WorldRugby
CollegeHumor,CollegeHumor
L'Obs,LeNouvelObservateur
lemans-tv,lemans-tv
Believe_in_Magic.tv  code@uno,moma-eternal
The Washington Post,thewashingtonpost
wired,wired
SkateCanada PatinageCanada,skatecanada
OK  Channel | OK頻道,OK_Movie-Channel
Winnie Lo,winniea2106
Tech Guy,TheExpressNews
ARY ZINDAGI,aryzindagiofficial
UK Bhangra Music,UKBhangraMusic
Worldtalk.tv,worldtalk
Naat Collection,zahidscorpian
ZoomTV,ZoomTV
Ligue 1,Ligue1-Officiel
中国电影电视大本营,KrTVofficial
SPORTS ILLUSTRATED,sportsillustrated
Nazan YK ♥,Nazand
Games2C_INT,Games2C_INT
Lyllad,Lyllad
Vogue,Vogue
Trailers y Estrenos,TrailersyEstrenos
Galatasaray,Galatasaray
Bloodstock Festival,BloodstockFestival
footmercato,footmercato
INTROCRATE,Introcrate
✿ParkMervet✿Channel✿,park-mervet
Hollyscoop,HollyscoopTV
终极一班4/任意依戀,musicangel-da
elotrixhd,elotrixhd
VALE.VIDEO,valevideo
Yoruba Movies (Awa Omo Odua) - Non-profit,blendz2011
Culturebox,culturebox
Zig & Sharko,ZigSharko
Movies World,ishoaib
Bird Mom Pearl,steven-universes
Bollywood Asia,TLBollywoodAsia
TrueViews,TrueViews
Drama Lover 2,drama-lover2
Formula Drift,driftstream
Cyprien 12 Infos de Cyprien,12infos
Corobizar,Corobizar
Mubi Rana,MubiRana
ป๋าโก้,cst-conversaton
Gamekult,Gamekult
80PoundMedia,80PoundGames
NBA Officiel,NBA
TodoRBD,DiosaDM
PashtoHD,PashtoHD
PkdanceCreations,PkdanceCreations
OGaming TV,OGamingTV
I MIGLIORI FILM IN ITALIANO,imigliorifilm
شاهد مسلسلات / Shahid Series,Shahid-Series
V4Eve,woohoogirls
Just For Laughs Gags,gags
GOT7 THAILAND CHANNEL,GOT7_Thailand
maritk3,maritk3
Future Classic,futureclassic
Cover Video,cover-video
CGMeetup,CGMeetup
HouseCrate,HouseCrate
GayClic,GayClic
Pakistani Mujra,pakistanimujra
FullEntertainment,fullentertainment
ummu,bbzzb
Balabalaba,balababa
"Trailers, Songs and Movies ☑️",BollywoodHDMovie
carefreecooking,carefreecooking
soshisubs,soshisubs
D2CL,D2CL
Roundhouse London,roundhouselondon
nahool Turkish,na7ool-turkish
Shemaroo Entertainment Ltd,Shemaroo
mkhan6131,mkhan6131
bbdead,bbcall
Gameblog,Gameblog
AsiaDramatv.com,almaestro90
takgh205,tkagh205
CBS News,cbsnews
Henrietta-Aime-Fumer_Tv,Henrietta-Aime-Fumer_Tv
Vanity Fair,vanityfair
CANAL+,CANALPLUS
CorrespondantRecords,CorrespondantRecords
Skyrock,skyrock
ReLIVE ANIME,ReLIVEANIME
ghostvid,ghostvid
Yamato Animation,YamatoAnimation
ODE,ODE
Televisa Telenovelas,cesar-farias-castillejos
beIN SPORTS,beINSPORTS
Arrêt sur Images,asi
ChallengeCN,ChallengeCN
MetaTV  France,metatvofficiel
FilmeY.Com  |  موقع فيلمي,FilmeY
Digital Entertainment World,DigitalEntertainmentWorld
Chinese Drama 大陸電視劇,chinesetvdramas
Non Stop Zapping,nonstopzappingofficiel
TMZ,TMZ
Chacal,thechacal537
Roland-Garros,rolandgarros
Masti,Amazingfunny
AutoMoto TV,AutoMotoTV
World of Freesports,worldoffreesports
Mediapart,Mediapart
♥Teen Wolf♥,teenwolftr-wolf
MLPFiMVideos,MLPFiMVideos
Pashto 1 Tv,Pashto1Tv
Ayesha Sehar,paksuppower
Thar Production Official Channel,tharproduction
Hoopcast,hoopcast
ikpc,ikpc
Pashto Rang,PashtoRang
Clevver News,Clevver-News
Cinefix,cinefix
Worldcrunch,Worldcrunch
Agence France-Presse,afp
Spicywoods,SpicyWoods
El Séptimo Arte,elseptimoarte
Glamour,glamour
Jiraya TV,Jirayatv
PakTV Live,PkGambler
XboxViewTV Game Trailers,XboxViewTV
Telugu Filmnagar,telugufilmnagar
GamingLiveTV,GamingLive_TV
Loseweightngainmuscle.xyz,FitnessRemediesDiets
ARTE+7,ARTEplus7
Mrbboy45,Mrbboy45
在留邦人だって 日本を守りたい,kigurumiutyuujin
RealMyop,RealMyope
LEN,lentv
MOTO JOURNAL,moto-journal
Victoria Kpop,IAMHottest_1
Heartland,heartlandcnbc
HD Videos ►,HDvideos
Crash_of_Titans.tv code@siete,crash_of_titans
Viral Streaming,viralstreaming
zakayachannel,zakayachannel
vul3a04SNSD2,vul3a04SNSD2
Eklecty-City.fr,Eklecty-City
pk Entertainment HD,pkentertainment143
iTheTime,iTheTime
smile,smile_like_a_sunshine
Al Jazeera English,aljazeeraenglish
KennO_Coffee,KennO_Coffee
Grand Illusions,grand-illusions
UBC Entertainment News,EntNewsShowbiz
JYP New Gen,jypnewgeneration
Cine Curry,cine-curry
Gentside,Gentside
Studio 4,Studio-4
Doramaniac@s - Kpop,DoramaniacsKpop
Bollywood Everywhere,bollywoodeverywhere
Najoomi Baba,Shahbaz725
shows4040,shows4040
diver7jp,diver7jp
Nusrat Collection,nusratcollection
Booba,Booba
IANS INDIA,iansindia
Express News,expresspk
RAUL ESPERT,raulespert
teluguone,teluguone
iROKOtv,irokotv
Asia2Tv.com,BnatcrazY-com
DesiDramas™,DesiDramas
Nahae Kim,khiphop
Qudrat TV,PashtoTube2015
もち子,fs329
MrAntoineDaniel,MrAntoineDaniel
º ✿ ★ ᗷOᒪᒪYᗯOOᗪ  ᗰᑌᔕIᑕ  ᐯIᗪᕮOᔕ  HD ★ ✿ º,New_Latest_Hindi_Bollywood_Songs
Acervo Televisa - Seu canal de novelas Nº1,cybersprouse
FRANCE 24,france24
dailymotion,Dailymotion
Alia Imran,apakistani
Dailymotion Partner,dailymotionpartner
Masala TV - Cooking Show Recipes,MasalaTV
AKB48-Taiwan Clubs,-vbn159951
François DESCRAQUES,FrancoisDescraques
Joon YoungFans Jung,joonyoungfansjung
Music HD Official,MusicHdOfficial
Dawn News,dawn-news
DramaCloud ☁,DramaCloudOfficial
Cartoon fun Tv,shazadimran2
KBMV,kbcartoonmv
wassi ✔,wassi143
team-vitality,team-vitality
Aflam HD(2),AflamHDD
PakistanTV.TV,PakistantvTV
People Are Awesome,PeopleAreAwesomeChannel
Mannan Music Entertainment,mannan-music
The Ad Show,TheAdShow
Human Slinky,HumanSlinky
Gozua,Gozua
KELFILM.COM,baryla
ClevverGames,ClevverGames
@hollywood,hollywood
Le Phocéen,lephoceen
LoveKpopSubs,LoveKpopSubs
Japan Under Music,japanundermusic
Nems,nems
Cauet,cauetofficiel
ComputerAndVideoGames,ComputerAndVideoGames
PashtoOne.Com,PashtoOneCom
ZoominGames,Zoomin_Games
Larry King Now on Ora.TV,LarryKingNow
CNRS Live,CNRS-Live
PakDramas2012,PakDramas2012
Drama Line PK,DramaLinePk
MalayalamMovies,MalayalamMovies
NextGenTactics,nextgentactics
Tiger Hanbin,Tiger_Hanbin
FreightTrainWTF,fr8trainwtf
Pakistani HD Videos,JahazVId
angela,angela18346
Fashion Channel,FashionChannel
G2PO,G2PO
Suchablog,Suchablog
Hollywood NOW,hollywoodnow
PoP Anime-i,popanime-i
Crash_of_Titans.tv code@cinco,acrobatic_entertainment
RealHero,JAHMAL1111
Believe_in_Magic.tv  code@dos,shangrila365net
4m Official,4mOfficial
TheT1TV5News,TheT1TV5News
Haberdesin,Haberdesin
ink,zekkiuek5
2016shareccc,3388ab
The Late Late Show with James Corden,thelatelateshowcbs
MVDfilm,MVDfilm
Machinima,Machinima
hellosarang,may-sung
Teletica,teletica
CBS Sports,cbssports
Rumble Virals,RumbleVideo
BollywoodCIA,BollywoodCIA
Movies Zone,shdyxz012
Hungama Digital Media Entertainment Pvt.,hungama
Hunan TV,hunan-tv
Hollywood Asia,TLHollywoodAsia
BollywoodClassic,BollywoodClassic
Faiza sem,FaizaSem
TomoNews US,tomonewsus
Cezmi Kalorifer,cezmikalorifer
Pakstreet,pakstreet
La rosa de Guadalupe,mario_2195
PASHTO INTEZAR,PASHTOINTEZAROFFICIAL
Unco Sin Kar Poh Drama,singaporegeek
Keeping Up With The Kardashians,KimKardashianShow
HBO,HBO
weepy~eyes,weepyeyes
NatGeoWebisodes,NatGeoWebisodes
MonsieurDream,MonsieurDream
XXX,-nanette-
Msol Santa,mssanta1000
Dakar,Dakar
HD SONGS,hdsongsvideos
Tour de France,tourdefrance
LakornThaiHD,lakornthaihd
IAMAG.CO,itsartmag
中国电视剧超级联盟《麻雀》《幻城》《旋风少女2》《麻辣变形计》《小别离》《结婚为什么》,hntvdrama
Golden Moustache,GoldenMoustache
Fédération Française de Football,ffftv
Sony Waqas,SonywaqasOfficial
Club Love,hushhush112
gamegrinuk,gamegrinuk
Felling Channel,f100000206928669
Geo Beats,GeoBeats
Askmean,askmean
PTV Sports,ptvsportsWC15
GOTPM Thaisub,gotpmthaisub
CinemaLek | سينما ليك,LatestMusicAndMedia
Yeppeun AgassisSubs,YeppeunAgassis
RightMov LLC,RightMoveLLC
2016 Motocross Live Stream - CBM Racing,cbmracing
HomeAndAwayUploads,HomeAndAwayUploads
Zap Tele,zap-tele
LOLA Flips,lolaflips
Shahid Film's Production,pashtohdChannel
SuperBeurkMan,SuperBeurkMan
www.8lbi.asia,8lbiuaecom
the teens love.com,ibrahemibs
Pak India TV,pakindiatev
KjraGaming,KjraGaming
NOWNESS,nowness
GQFrance,GQFrance
Dramas Online,DramasOnlineVideo
euronews (en français),euronews-fr
Sözcü Gazetesi,Sozcu
Punjabi Lovers,PunjabiLovers
HD Videos.Pk,HD-Videos-pk
amenonakani,amenonakani
Autovideoreview,autovideoreviewcom
2pm2u,2pm2u
"cinemania.tv  ""Into the Future"" CineManiaTV
""Maihime",erokanade
FaZe France,WaRTeK
Boksha tv بوكشة,hodalok
newmaritk1,Dramasvid1
Newmaritk4,newmaritk4
nadanada,seremillonaria2020
Le Parisien,leparisien
Angelanna_66,Angelanna_66
UR Choice Official Channel,URchoice
GamingRoomTV,GamingRoomTV
Online TV Show,onlineshow
Style Inn,styleinn
AlondrSergi,AlondrSergi3528
spazz,spazzdh
Olympique de Marseille (OM),olympiquedemarseille
L'Equipe.fr,lequipe
VideoStory,VideoStory
Haberler.com,haberler
glide,voodooglide
wedalqlop,wed-alqlop
Crazy 4 Bollywood,framefunda
Laissez-Faire Social Club,Top-Notch112
ZaiLetsPlay,ZaiLetsPlay
Orange Officiel,Orangefr
Qadri studio Sargodha,qadristudiosargodha
rapcontenders,rapcontenders
DiagonalView,DiagonalView
allmylovees,allmylovees
Viralhdvideo,masalaofficialchannel
OnrefaitleMac,OnrefaitleMac
Moises y los diez mandamientos,Clorinda6649
spicy world,just50
GOT7 México,GOT7_Mexico
hiro32612000,hiro32612000
snjeung,snjeung
中国浙江卫视官方频道 ZheJiang TV Official,zjtv
Life Fun,lifefun
0348xiu,0348xiu
ดูหนังออนไลน์ HD พากย์ไทย,dubthailand
movizonline,movizonline
ClevverMusic,ClevverMusic
Maffew,Maffewgregg
iTELE,ITELE
Extremadura Digital TV,extremaduradigital
Tuxboard,tuxboard
Farhan Ali Qadri Naats,FarhanAliQadriNaats
DigitaltvThaitv,DigitaltvThaitv
pinheirojpa,pinheirojpa
Spice Media,SpiceMedia1
Maktab .pk,KhwarizmiMaktab
Bollywood Classic Collection,hdvidz
FIBA,fiba
Ejayremy,Ejayremy
pporosa,pporosa
desimad,desimad
VideojugFoodandDrink,VideojugFoodandDrink
zurimayumi,zurimayumi
YzRIKO,YzRIKO
Le Dessous des Cartes -  ARTE,Ledessousdescartes
Nerdist,nerdist
Le Velcrou,Velcrou
Guillaume,Pauleta_60
ish,roo-sha-nioh
rollingbean,rollingbean
TV bangumi,boboi_astro
mytiti,mytiti
M4F14G0T7,M4F14G0T7
japan games,japangame
Yok Böyle Bir Şey,yokboylebirsey
CeV4Eve,CeV4Eve
۞ SnÔÔpy ۞,beepbeep44
TeleBuzz,TeleBuzz
K-fan,K-fan
i Love ALLAH,MuslimCommunity
La Rosa de Guadalupe,LaRosaDeGuadalupeOficial
yuzupino,yuzupino
NEWvideovinus,newvideosvv
Bangla Media,bangla-media
Bollywood Masala Videos,BollywoodMasalaVideos
Rowis`s Documentaries Channel | افلام وثائقية,thedragon2012
taipi625f1,taipi625f1
Movies For You,movie-trailers4you
Shishi Furet,shiraishii
Anime_M_Like K1_TH,Anime_M_like_K1
PetTube,PetTubedotcom
Smosh Games,Smosh-Games
TheFootball,footyroom
DekhoDrama.com,DekhoDrama
CNBC International,CNBCInternational
LAS MIL Y UNAS NOCHES,lasmilyunasnoches
Koyziiiiz's TH sub,koyziiiizthsub
Pass Canal+,lepasscanal
hdmovies,freevideofun1
Mr Bean,mrbean
Rambo InTown,rambo-intown
Funny,funniestvidoffical
uาeมoJ7s,UpLoad-Anime-Online
Believe_in_Magic.tv code@tres,walking_deadman
MyMovies_International,MyMovies_International
Cartoons & TV Shows,ronnie_mclin
keyonlylove,namchan4
ChallengeAcceptedInc,ChallengeAcceptedInc
Spider392,Spider392
AgenceInfoLibre,agenceinfolibre
ourmatch,ourmatch
Caters TV,CatersTV
Kyeongsew경수,kyeongsew
Music World Channel,Bestvideoworld
eolin666,eolin666
dramascoreanos,dramascoreanos
f(x)_Perú Lima,fx_Peru
Eurosport,EurosportTurkiye
SMOSH,SmoshOfficial
ksn,harvey-
fasthighlights-2013,fasthighlights-2013
LittleKuriboh,LittleKuriboh
lilmarcus,lilmarcus
ReOpen911,ReOpen911
Asad Ali Chishti,AsadAliChishti
video republic,bushra-rani
Inma Ost Doramas,OstDoramas
wonderful-life1989,Momochi_Nya
autovideo,autovideonet
Humour,Humour-squeezie
HTVEspanol,HTVEspanol
Sabaq Foundation,sabaqpk
Artiste-Tunisien,Artiste-Tunisien
Roommate Spanish Subs,jumpfansub
Vencalito,AnimHD2
مسلسلات وبرامج 2016,ahmed-moustafa4
vul3a04SNSD3,vul3a041
Starlight's gift,starlightsgift
MadaniVideos,MadaniVideos
Burger Buzz,passemoilegeek
NEXT Edge,marly-ya
DomeyTh,DomeyTh
Stage Drama HD,stagedramahd
Kpop for You,kpopforyou
heapsoflovehide,heapsoflovehide
hahahehehoho.com,VideoOfficial
5min People,5minPeople
JEKYLL J.,JEKYLL127
J'suis pas content TV,pascontent-tv
The Next Step,thenextstep
AnalyzeAMovie,AnalyzeAMovie
Adrenaline TV,adrenalinetv
1127subs,1127subs
Magaly_FluxaArmengol,Magaly_FluxaArmengol
TRT,TRT
Officialhawssa,HawssaCC
Pak Gossips,pakgossips
AstrumSpark,MysteriousBrony
Plutonium_Henry,karwah-ryan
GameLandVN,gamelandvn
Plus,plus
Farah Rani,farahgak1
Action Movies HD,ActionMoviesHD
LightReading,LightReading
Celebuzz,celebuzz
Moggy Aspi Show,moggy-aspi_show
videofab.net.2,feb-2
48 46 video 動画,4846video
namja1to4,namjaonetofour
Stinger1981,Stinger1981
Lascars,lascars
HollyBolly Gossips,HollyBollyGossipss
MUSIC MELA HD,MUSIC_MELA
2MTV,2mtv
Orange Tunisie,Orange-tn
Johann,TheMagicologist
Kaichanholic_,Kaichanholic
foxysoul,foxysoul
velvetcondor,velvetcondor
DTF OLD Server1,dm_523595081e6ef
Terre énigmatique,LPDE
Mystheria22,Mystheria22
sanampari585,sanampari585
CGRundertow,CGRundertow
Latest Collection,latestcollection
VideojugBeautyandStyle,VideojugBeautyandStyle
WWE BATTLEGROUND 2016 FULL SHOW ONLINE,WWEFULLSHOWS
ToyTrains4u,toytrains4u
ESMA Movie,Esma-Movie
CİNEMA 2016,hindidubbed
PV Nova,pvnova
LCP,LCP
foot-mercato,foot-mercato
DonaldComoTV,DonaldComoTV
Ramen Soup Subs,ramensoupsubs
La Rosa de Guadalupe HD,larosa2016
LeHuffPost,LeHuffPost
Dramaa.com,Dramaadotcom
miKi yaNsKy,miKiyaNsKy
Fcieza,fcieza
DAEBAKSUBS,DaebaksubsKorea
Maxim Magazine,MaximDotCom
Invader Boom,invaderboom
다음카페 // 아름다운 추억여행으로,dm_502711e4f364a
KoreanTV,koreantv1
EXO,EXOWOLF
Jackson Wang Bar,jacksonwangbar
Zoe Harry,360kpopshow
Iftikhar Alam,islamiwazaifdua
01netTV,01net
divertissonsnous,divertissonsnous
Wedding Sangeet,weddingsangeet
okaim555,okaim555
360kpopvietsub,360kpopvietsub
Entertainer,fun-time-pass
Red Hard,redhtv
Jeanne Burgermister,JaneBurgermeister
Mov-ie,mov-ie
J-Shock,J-Shock
SeriesTurcas,seriesturcasonline
Double Est,DoubleEst
Jazba TV,jazbatv
wawa_TH,wawa_TH
IQ Pashto Music Official Channel,IQPashtoM
Entertainment Queen,hotclipsurdu
Voice of Pakistan,voicepk
pakistani drama,bdtmz
Super_Resistence,Super_Resistence
countryonmyback,countryonmyback
Tropikprod Martinique,tropikprod
大阪,gia-dien-nguyen
Loanstee3926,Loanstee3926
LittleBigWorld,LittleBigWorld
Molla,MollaUK
LOVE Kyungsoo,LOVEKyungsoo
SULEMAN1987,SULEMAN1987
Zeemu28,zeemu28
Azizi Totay Official,azizi-totay
EntertainmentHub,entertainmenthub4u
hskodhit,hskodhit
DramasFestival,DramasFestival
Brandy Savage,WWFNetwork
GoldminesTelefilms,GoldminesTelefilms
franceinfo,franceinfo
Dich Phong,boydaikho219
BrownsugariizTHSUB,brownsugariizthsub
Ehab Mostafa,CoPeNEgyUp
Plus Belle La Vie,Plusbellelavie
Fenerbahçe,fenerbahce
Auto Plus,autoplus
EDM TV,A3Network
Blancpain GT Series,Blancpainendurance
Lefigaro.fr,lefigaro
funradio,funradio
Detective Conan,detectiveconan69
One Direction,onedirection__
Como dice el dicho ✓,comodiceeldichoHD
Bollywood Fails,bollywoodfails
Wirt and Greg,OverTheGardenWall
Comedy Night,comedynight
Min Baka,akezarotot
Loveforever2PM,Loveforever2PM
The Guignols,theguignols
Parti de Gauche,lepartidegauche
Dimitri Shumakov,wrestlingcity
Silent Love,Khamosh-Mohabbat
amnos_daily,amnos_daily
Rubeyda Mahsun Abdullah Bazencir,rubeyda
Zunaixa,zunaixa
SkyyartTV,SkyyartTV
Dread Central,dreadcentral
uncleagent0022,uncleagent0022
Heartland,HD-Heartland
ALL Media24,bdallmusic80
LogicamenteJim,Adam_Liviero
Rachid,chilavert
Amazing Collection,AmazingCollection
Kids Collection,kidscollection
ProfoundMinutiae,ProfoundMinutiae
Zoomin.TV Canada,Zoomin_Canada
SHOWTIME Subteam,showtime-subteam
SmarT TV,smar-tv
きっちゅ 大和魂,kittyu2012
kodhit.com,kodhit
GR KHOKHAR,sweetsongs58
El Secreto de Feriha,ymurat2802
bumdi2,bumdi2
Vendee Globe TV,VendeeGlobeTV
IL SEGRETO,ilsegreto
newsonepk,newsonepk
Gol-Live,Gol-Live
Football Live,Football--Live
Corina Marilena,novalee21
برنامج 2016,RamezYl3abBelNar
Anime-i .com,Watashia
Musicandother2014,musicandother2014
TSteck160,TSteck160
Dr Nozman,drnozman
Moonoi Mg,siammoviehot
Drama Melayu,DramaMelayu
Kidscamp,Kidscamp
bividyo,bividyo
KimmyYang,KimmyYang
eflashapps,eflashapps
yusu01207,yusu01207
Skpb K-Music Live,SkpbKMusicLive
Shozib Ali,shoxee1
swatiking,swatiking
DekhoDramaLive.Com,dekhodramalive
2016,tetoahm3d565
DaRkFuNeRaL972,DaRkFuNeRaL972
マス5301,massshin01
5arbshavideos,5arbshavideos
SMent EXO,SMent_EXO
CNN International,CNN_International
TheGreca 2010,corazonsalvaje2009
Electronic Arts,ElectronicArts
Reviver8,iprayforgoodluck
Computer Boss,computerbossofficial
Songs Official,SongsOfficial
CRYSTAL-7,police-pref-osaka22654
japanese video,dan-chi
ClevverTV,ClevverTV
Tellymasala,TellyMasala
MissDaniGermany,MissDaniGermany
The Fumble,thefumblesports
SBS_1214,SBS_1214
likes.pk,urdushayari
Lawrence Simpson,MasakoX
شبكة جميرا مون,arabhd
newmaritk1,maritk2
omnisport-uk,omnisport-uk
arabe_reda_1980,arabe_reda_1980
Videos Portal,VideosPortal
Paramount Pictures France,Paramount_Pictures_France
BE-AT.TV,BE-ATTV
_______,nozomidori1224
Brooklynians,brooklynians
LittleThings,LittleThings
RKD Studios,Bollywood_Hits
INDI Moviez,INDIMoviez
Greek TV Series,klajdiklo
aqswdeqq,aqswdeqq
ZonEMunZ CoM,zonemunz
Helen,pancracia4ever
Cartoon TV,cartoonandmovies
kiraexatsushi3,kiraexatsushi3
vjarmanisuits,vjarmanisuits
wangSEja,wangseja412
kaixing,mayrivera99
La Rosa de Guadalupe,LaRosaDeGuadalupeYT
rap et rnb,covik
日本チャンネル,ybkeitai
ShinhwaForever6,ShinhwaForever6
Onneega,onneega
شـاهد اون لاين HD,shaid-net
blastro,blastro
Aflam HD(5),KoraOnline15
Style.com,style
joinDOTA,joinDOTA
AJ+,ajplus
Trailer Music Weekly,addictomovie
Prithivi Hira,Prithivi-Hira
Alice Bauer 26,Alice-Bauer
"Kids Videos,Cartoons & Naat Pak",news2fun
justin8131,justin8131
Desi Fun Time,Desifuntime
ChannelHub,ChannelHub
Vissh Bhaigude ( Prince ),VishBhaigude
PModel,PModel
Music World,naveenofficial
Japan Figure Skating,japanskate
iTheTimeWGM,iTheTimeWGM
FIA Formula E Championship,FIAFormulaE
The Bollywood,thebollywood
letribunaldunet,letribunaldunet
Stand Up NY Labs,StandUpNYLabs
TheGamerAccess,TheGamerAccess
Bangtan Turkey,BTSTurkey
Павел Пашкевич,nemoicap1
中国电视剧大本营,zjstvdrama
Freeride World Tour,FreerideWorldTourTV
دراما كافيه,teatromasr3
Ursula Strauss,ursula-strauss
2016,tuncelkeskinler
Max Boublil,maxboublil
franceinfo,francetvinfo
Got7turkey,got7turkey
Jessica Jung,Jessica_Jung_4
Femme Actuelle,femme-actuelle
yanis_94450,yanis_94450
MS.com,_mscom_
TV dorama,TV-dorama
Disnmad,disnmad
To Heaven,gonnyonga
Nayaonewluv1,Nayaonewluv1
Aaj News,aajnews
Rose mery,salman-wasti
Live Entertainment,liveentertainment
Good Movie to watch,janika1011
ganesh2,ganesh2
LANCE!TV,LANCETV
Charlie,laali008
BABYMETAL FAN,babymetalfan
Anime-i.com,Anime-icom
TRMD Videos,TRMDvideos
K-Square Fansub,KpopRadioPdm
T101 Subs,t101subs
VideojugLifestyleandHome,VideojugLifestyleandHome
ArenalSound,arenalsoundtv
janpan chanel,senh-thang
K-POP LIFES 3.0,kpoplifee3
u-zoo,u-zoo
DailyTalkShows,siasatpk
Darsequran.com Official,darsequran1
Fédération Française de Rugby (FFR),FFR
ENTERTAINMENT CITY,FreshTrailers
GoToKpop TV,gotokpop
deezer,deezer
lafermejerome,lafermejerome
closed,speedymusic
Konbini,konbini
KaldTheRabbit,KaldTheRabbit
InfiniteUpdates,infiniteupdates
Rayju Lucifurus,Rayju
teenchoiceawards,teenchoiceawards
Clad Strife,SoldierClad
cje01,6698ssa
GuerraDeChistesVIP,GuerraDeChistesVIP
Khabarnamcha,khabarnamcha
kizimi,cartoon55
Xanthon,xanthons
WTFunnyTV,WTFunnyHD
WWE,wwe
Koleksi Drama,KoleksiDrama
Como Dice El Dicho 2016,comodiceeldicho2015
Domino's Ligue 2,Ligue2
The Seven Sees,thesevensees
Belgesel Günlüğü,BelgeselGunlugu
Steve Steve,Mr1d100
DRAMASNITE,mindthisgap
FS YAS,FASYAS
Team Lyricis,Lyricis
AmandaPanda12,AmandaPanda12
animoch,animoch
LuisReyesMLP✪,LuisReyesMLP
"Free Xnxx Porn, Xnxx Tube, Xnxx Sex Videos",haytham-daour
PopChartBusters,PopChartBusters
All Time Best,adilmehmood571
TV Guide,tvguide
ย้ายเว็ปไป www.animegame2013.Net แล้วนะค่ะ,-RFpro16-
Asif Ali,UserNameAsif
Senor LARIATO,SenorLARIATO
Santo Donofrio,santo-donofrio
电视剧,ChinaTVnetwork
卡倫愛韓劇,karenlovetv
Tekzilla,tekzilla
xuxu8888,xuxu8888
750 Grammes,750grammes
Prince de Condé,prince_de_conde
arty0807,arty0807
joshuawrightvideochannel3,joshuawrightvideochannel3
Music World,musicworld
CoteCine,CoteCine
Hassan Bewafa,Hassanbewafa786
4MF,4minutesubs
Fucking Young! Magazine,fuckingyoung
Hellcat,Hellcat
Owais Raza Qadri,owaisrazaqadri
ChromeHearts,ChromeHeartsCINEMA
2AM 台灣國際後援會視頻組,2amTWiam
koyamashii,koyamashii
2M,mosalsalatarab
Dinu Bhardwaj,shows2020
iBollywood,iBollywood
Anime-i com,f100003532986885
Daily-pak.com,freevideoworldonline
Le Point,LePoint
TV動画,tvdouga
Desi Tube,jahaz1100
Diablox9,Diablox9
bomi,weeklybomi
EXID台灣之家-Taiwan LEGGO,hacker-yan
CinePax,cinepax
Numéro 23,numero23
G2A35,G2A35
Danna,Dannaxugui
eGarage,egarage
Fann HD,FannHDD
Hedge,Hedge
motion partner,motionpartner
BuzzVid,BuzzVid
TRACE Urban,trace_urban
Eric et Ramzy,ericetramzy
mehndi dance,ahmluck18
puremedias,puremedias
pdgde,pdgde
SUPER CARS,supercars
IGOTSubs,IGOTSubs
Pakistani Music,pakistanimusic
Camweb,Camweb
LOVE2WATCH,munnazasyed
Mundo dos Documentários,rededocumentarios
Docu BoX,kaanozten
AnyDramaOnline™,AnyDramaOnline
lakornvideos,lakornvideos
Reporting24x7,reporting24x7
ASSE,ASSE
The Orchard,orchardmusic
aidol_stream,aidol_stream
MH Production,MH-Production
1BadboyMMA,1BadboyMMA
Javed Ch,baattv
fitnessgirls,fitnessgirls
Quarouble,Quarouble
Rina Fujiwara,gia-dien-nguyn
Yeppeun Agassis Subs,YASarang
Crime Inc,xDarkestRainx
HD Movies,latesthdfilm
Stevan Hogg,stevanhogg
Bollywood Songs,shahzad-hussain4
Vibe,vibe
F FY Charawut Kub,f100002831802955
Naruto-2013,Naruto-2013
SEE TV,SeeTvOfficial
Home and Away (Aus),saidouxia
Berny bernard,bernynab
Greek Superleague,greeksuperleague
The Late Show with Stephen Colbert,lateshowwithstephencolbert
Promo Spice,PromoSpice
AzzMan,AzzMan
KidsOne,KidsOne
Zaid Ali Videos,zaidalivideos
freship,freship
SpheraChannel,SpheraChannel
strongheartsubs,strongheartsubs
CID Serial,CIDserial
Aluxton,Aluxton69
C8,C8TV
Apna Punjab,ApnaPunjab
Winamax,winamax
yeolliesmiles ❀,yeolliesmiles
DH1015_SJ,SNSD0805
Gaja Sarang,GajaSarang
NOW-IS,NOW-IS
Geek Beat TV,geekbeattv
Non Stop,non-stop
Püf Noktası,pufnoktasi
Mira Miro,f100000982776176
Rania Yaya,rania-ben31
__Soledad__,__Soledad__
Mamamoo Trans,mamamootrans
Punjabi Hits,PunjabiMotion
dailyers,dailyers
Zeth,zeth3047
3ŞK BA,turkfragmanlar
iKON International,ikonintlofficial
idolxfactor.com,IdolxMuzic
Free videos Online,farhanayub
chunvenessa,chunvenessa
Farooq Usman,ftubehd
ZEMIFY.COM,zemifydotcom
What's Trending,whatstrending
HD NURSERY RHYME,hdnurseryrhyme
Break,BreakOfficial
BestVineVideos,meme-vines
House of Payne,House_of_Payne
Filmena,IMC_Egypt
Original Bonski,original_bonski
Broadband Sports,broadbandsports
Non Stop People,nonstoppeople-officiel
Daniel Portela,f100000730281327
jamieee801,jamieee801
MoviePlus488,MoviePlus488
GT World,GT1
merpituify,merpituify
France Culture,franceculture
DishoomFilms,DishoomFilms
HerDaily,herdaily
EXOVID_CNSUB,exovidcn2
ChinaMovies,ChinaMovies
SeriesDisponibles,seriesdisponibles
AFRICA24,AFRICA24
askmen,askmen
Anime By T.K,dm_506ff79c31969
SunHeeSpanish,ykyBruno
9jaBlendz,9jaBlendz
Wali Son Sound & Video,walisonsound
Music Doctor,Hamza_Hami
مسلسل الاسطورة,Elostoraa
iv.channel,iahmed0081
Entertainment Masalaonline,EntertainmentMasalaonline
منوعات HD,SARA1990X
†.. Linda ..†,mnmlynda2000
never-exile,never-exile
BuzzFil Group,buzzfil
Trailer-Addict,MAzim15
HollywoodBackstage,HollywoodBackstage
GOLF091 골프공구1 K,kdr2017
G Series Official,G-Series
Jonny_Manz,Jonny_Manz
Portrait Painter Pabst,PortraitPainterPabst
Coupdetatkaeda,Coupdetatkaeda
Red Velvet KHJ (Music),red-velvet-khj
LF2PM3,LF2PM3
Sex,SexMuseum-vevo
DesiMadPjs,DesiMadPjs
Running,-uucall0
yuujitsu,yuujitsu
HottbeatFS,hottbeatfs
gulduren,gulduren
Monsieur BRIKA BE THON,BRIKA_BE_THON
The Koalition,TheKoalition
KPOP-影視CLUB(分站),ss7884942
Baby Dragon,xiaolongren
Rue89,rue89
Movie Trailer Teaser,trailerteaser
Koarea-93,koarea93
中国电影电视剧大本营,freemoviefreemovie
politicaonline,politicaonline
RT News Channel,RTnews
ReVelUp Subs,seulgisolomon
NEOCHROMEOFFICIEL,neochrome-officiel
didier super,didiersuper
MVKEITHAPPEN,MVKEITHAPPEN
sakura16rgr,sakura16rgr
europapress,europapress
axel9546_,axel9546_
太子妃升職記 / Go Princess Go,GoPrincessGo
addanime,addanime
Thujenice,ThuJenice-6570
RealityAnimation,RealityAnimation
Public Sénat,publicsenat
FootballDaily,FootballDaily
ABS-CBN Entertainment,ABSCBNEntertainment
Ed Banger Records,edbangerrecords
HOTFLICKS,hotflicksvideos
Durendal,Durendal1
Li Mariano,li-mariano
Dizi Film HD,diziklasiklerim
pigrelin,pigrelin
5arbshask,5arbshask
Umer Ali Khan,f531534081
Tecna Ognennaya,Tecna_Ognennaya
VideosPlanet,VideosPlanet
MyLittlePonyMx,MyLittlePonyMx
✿Moondark✿,moon_dark66
TechRadar,TechRadar
Desi Dhamaal,DesiDhamaal
rollingbean10,rollingbean10
Blue Coffee,HGTYOP
T-series,tseries2
Pashto TV,PashtoTV
Omnivore 17,omnivore-17
Football Highlights,rubin7190
Supapanda Videos Cartoon,supapandavideos
Rute,ruteHHH
ChinaDramas,ChinaDramas
Ozil Omar,shahid-drama
Christopher D. Diestro,starmometerdotcom
arbbss,arbbss
subthai,subthai
asi o mas lol,asiomaslol
Wahwah Team BACKINTOYS,backintoysTV
VernissageTV,vernissagetv
aidecitakoo1988,aidecitakoo1988
DailyTube ►,iamfahadsajjad
Push-Start,Push-Start
Luffy77420,Luffy77420
Baidu Twice bar,baidutwicebar
12BOYS SUBS,12BOYSfansub
COOK WITH FAIZA,CookWithFaiza
dh_be,dh_be
TuNz anime-i.com,dm_526007d658c8a
RusKoV95,RusKoV95
Its Dexter,ItsDexter
Ashley Miller,Ashley_Miller_3
HDEntertainment,HDEntertainment
TV eiga,TV-eiga
HD Cinema Movies,HDCinemaMovies
Paris.fr,mairiedeparis
VideojugCreativeCulture,VideojugCreativeCulture
All About GOT7,AllAboutGOT7
LadyBimbette,LadyBimbette
HD Now,HD-Now
TheBoothAtTheEnd,TheBoothAtTheEnd
ann32468,ann32468
bolly-rani-mukherji,bolly-rani-mukherji
Tics,tics
www.vodeo.tv,vodeo
My Little FanSub,MyLittleFansub
Super Surprise Show,SuperSurpriseShow
All Things Comedy,allthingscomedy
360kpopchannel,360kpopchannel
nude,nude
hayajutt,uzmanaveed341
FFF TV Foot Amateur,fff-tv-foot-amateur
Cooktube,cooktube
WildFilmsIndia,WildFilmsIndia
父亲的身份 父親的身份,enasong15
musiclover4,musiclover4
Monsieur Poulpe,Mr_Poulpe
Photos of Africa VR Safari,SouthAfricaTravelChannel
earthTV network GmbH,earthTV
ETVids101,artforall101
Lola To,dm_520f3bd9d3773
*aAa* Gaming,Team-aAa
RightThisMinute,rightthisminute
Aflam HD(3),AflamHD3
Suspiro Kiss Asia Fansub,suspiro_kiss
Warner Bros Pictures France,WarnerBrosPicturesFrance
New official Movies Traller & Hot Scene,bollywoodhotkissingscene
X-Treme Video,X-TremeVideo
マット・トロイ,anh-vuong
EquestriaNet,equestrianet
VideozFun,VideozFun
TV Series,jomjulvid
Skyrock Officiel,SkyrockOfficiel
Manon de Rep,manon42
Tamilmasala_Movies,Tamilmasala_Movies
Min Ha Ri,min-ha-ri
samthavasa,samthavasa
Bollywood Movies Asia,BollywoodMoviesAsia
Monsta X Subs,monstaxsubs
SuperHeroTimeFan,SuperHeroTimeFan
TimesNow,TimesNow
The List,thelist
AAA,aaa-live
Viviana Mora,YIVIANA23
Dramas Online.com,dramasonline
Peluchette,Peluchette-en-Sucre
KpopJinx,KpopJinx
geniusyub,geniusyub
euronews (en español),euronews-es
Hawssa Ofiicial Channel,officialhawssa
KontreKulture,kontrekulture
Nacxnetwork Ch 2,nacxnetwork
-P-O-I-,-P-O-I-
Ana Puerta,scarlett035
Just 4 Entertainment,just4Entertain
Ghost Adventures,GhostAdventuresCrew
allofan team,allofan-team
Korabia,korabia2
doro soro,doro-soro
MXForos,MXForos
INAF JYJ,INAFDoramas
Libération,liberation
Revolution Brony,RevolutionBrony
Daysy Subs,daythv2subs
Mav'Animes,Mav-Animes
Jeanmarcmorandini.com,morandini
hussardelamort,hussardelamort
Manga-News TV,manganewstv
maxdocumentales,escenadual
Brownsugar18,Brownsugar18
ben-j,ben-j
BlakMusicFirst,Blak_Music_First
jpdc11,jpdc11
FUN TV,ranajee00
Bollywood Movies,BiggBossSeason08
adwim,adwim
Tom Nine,TomNine
Captcha Family,captchafamily
W5galaxy01,w5galaxy01
ESPN,ESPN
"Official Trailer New movies,Dramas,Album,ETC,",bikinihotgirls
Berlin Music Video Awards,berlinmusicvideoawards
CERiSE,davillsky
Comedie+,comedie
Giro d'Italia,giroditalia
2ndstarvideos,2ndstarvideos
AzaadPakistan,AzaadPakistan
LOVE GOT7,LOVEGOT7
OneMinuteNews,OneMinuteNews
"CaptainFunkOnTheRADIO! Radio Béton! 93,6 Mhz",capitainfunkk
CrimeInc2,CrimeInc2
AzZDinGuE.TV,AzZDinGuE_93
PokerStars,PokerStarsFR
BabySmile,Buckynew
日本のテレビ番組,m4tsuk0
3skTv,arifmohammed
Hip-HopVibe.com,hiphopvibe
"Wide Na Show (TV Program),",ic-vuong
TV Show Full Episodes,tvshowfullepisodes
VideoFan,devilman2
mamidogabi,mamidogabi
Bobby Gold,Bobby-Gold
Shiastalk,Shiastalk
Touche pas à mon poste,tpmp
RealVIXXLightUpCN,lightuprealvixx
Abcdrduson,Abcdrduson
Waqat Tv,u4raheel
PakDiscussion,pakdiscussion
Mano Rockx™,marryya_2010
RV Subbing Squad,RVSubbingSquad
pr,real2016
tanuki8,tanuki8
ZEALER TV | 海外综艺,ZEALERTV
PAPASIFIS,papagiannakis_iosif
Hitek,hitekfr
Bbnn,bbnna
Hollywood Spice,HollywoodSpice
Como dice el Dicho 2016 HD,eldichoHD
Classic Love Songs ♥ ♥,COYOTERUBEN
Serie TV Italia 2,mariorossi100110
Song2519,song2519channel
The Queens Fansub,Thequeensfs
Infamous Variety Shows,han19940713
zhi0o,zhi0o
AfreecaTV,afreecatv
Easy To Assemble,easytoassemble
BANGTAN SUBS,bangtansubs
Da Real Keyzz,keyzz
Cami Gyehet,cami-gyehet
Ava,ava31
Toplu Takip,toplutakip
ネ申テレビ Season16 AKB48,-season16-akb48
aslamofficial,aslamofficial
360kpopvietsub,runningteam360kpop
KapanlagiCom,kapanlagi
Funny videos,TheGnikL
FC GOT7 VN,fcgot7vn
Forum des images,forumdesimages
nane6538,nane6538
Mr. Meat Science,mrmeatscience
La Blogothèque,lablogotheque
Entertainment Spice,EntetainmentSpice
soldierknowsbest,soldierknowsbest
PAKIUM.COM,pakiumdotcom
Foreverwith_you,Foreverwith_you
Bollywood Classicals,BollywoodClassics
2016 Supercross Races- CBM Racing,OffRoadVideos
Awaz Today,awaztoday-tv
starxtreme,starxtreme
Frigiel,Frigiel
gene,BUGGENE
6MEDIAS,6MEDIAS
3615polyprod,3615polyprod
FISE,fise
2ndLuzsubk-Peru-,2ndLuzsubk-Peru-
EducationFrance,EducationFrance
Zee TV,ZTVOfficial
tab3hd,tab3hd1
Musicavids,everygenre
IslamPoint,islampoint
SubCafe,subcafe
the-fallen-angel696,the-fallen-angel696
Mudassirikhlaq,Mudassirikhlaq
SJDK Fan Sub,sherrijames
fanfunful,fanfunful
topito,topito
5arbsha,5arbshanet
Soft Jani,SoftJani
HooplaHa Happiness,hooplaha
ChinaTV-4 | 中国电视剧频道,cntv1
RED VELVET Perú,redvelvetperufc1
Brothers In Arms'',BroathersInArms
Askvin,Askvin
France 2,france2
hana02014,hana02014
-La sphère de l'information-,enfant-du-big-bang
Petite_plumes,Petite_plumes
tv show series,erdemmuratb
MovieManiaProduction,MovieManiaProduction
musecubePRO,musecubePRO
Beautistan,Beautistan1
Zoomin.TV Italia,Zoomin_Italia
DTF Server HUB 2,dm_524e907137fdb
Pak GupShup,SaloonSix
Surqpark,happyday8822
Serie TV Italia 3,archimede-thevoice
LF2PM4,LF2PM4
BTS Mexico Alianza Latina,bts_mexico_alianza-latina
imctv,imctv
Seattle8021,seattle8021
ZLIHG,zlihg
5min Tech,5minTech
Just Viral Videos,JustViralVideos
HD MOVIES & HD SONG,ranashahzad-ahmad
قصة عشق,moon012875
Tips for Life,tipsforlife
Splash News,SplashNewsDE
wahab benawad,algeriemusique
plusoumoinsgeek,plusoumoinsgeek
FemaleMuscle Clips-Peter,fbbvideo
Brofz.com,brofzdotcom
_LUVand4you,kimifumi
INFINITE7SOUL,INFINITE7SOUL
Desc,jini2016
Esquire,Esquire
Daniel Pereira,daniel-pereira1
Cumhuriyet,cumhuriyet
Centre Pompidou,centrepompidou
Funny Videos And Prank Calls,FunnyPrankCalls
EKY48,EKY48
M3Technologies Pakistan,m3techpakistan
Entertainment World,EntertainmentUlagam
LMTV™,KidsClubTv
switch amb,miroooo
Drama World,drama_world
EXO Brasil,Justforexo
Desi Ronak,geotvdrama
Zha Zi Tao,Zhamouzha
Best Songs,GAS2014
SaborEXO,saborexo-videos
Viña Rock TV,vinarocktv
korea20,joying-fun
愛国太郎,primal-0345
-talim08-,-talim08-
Screen Junkies,ScreenJunkies
MuSiC,Laala_G
Daser,Daser
Spai Tenar,SpaiTenar
gameshow,vuongduyviet219
Big Cartoon,big-toon
Goley Joygame,GoleyJoygame
zavrin,zavrin
pinde38,pinde38
Outplay,Outplay
Aman Asif,Aman_Asif
Kaewchai Holland,kaewchai
OduduwaTV,OduduwaTV
soleil(fly)levant32bis,soleillevant32bis
BANDOLERIL83,BANDOLERIL83
Do It Yourself Production,DoItYourselfProduction
Kimmerrie Kimbie,kimmerrie
ShahidVOD,ShahidVOD
ATSM Team,Swaglikebts
restar45,restar45
Official Goals,OfficialGoals
Bangtan Latino,bts-latino
Cumicumi Indigo,cumicumi-indigo
Amar Audio,AmarAudio
MTDCafe,MTDCafe
Vencal,AnimHD
Dailymotion USA,DailymotionUSA
fares Hussein,i7d
"CNES, agence spatiale française",CNES
Musicworldrecord,musicworldrecord
esporteinterativo,esporteinterativo
M. Alamgir,malam46
Loveforever2PM2,Loveforever2PM2
MiriMio | TOON-2D,rukanime-onilne
Slimane-Baptiste Berhoun,SB_Berhoun
Bestiacane,Bestiacane
BlastroNetworks,BlastroNetworks
Nice amime,niceanime
GeoSuper,GeoSuper
fr-universite-numerique,fr-universite-numerique
007ovni,007ovni
EternallyB,eternally_b
TEM DE TUDO,evandro-pe100
UPROXX,uproxx
Bou Ptrn,boulovepl
Kamini,kamini
DownstairsGuys,downstairsguys
şenol şimşek,lazakrep61
Zumba Online,zumbaonlinebr
TheMongs,thegreatmongs
Humsitaray TV,Humsitaraytv
RMC Sport,rmcsport
مسلسلات عربية,ahm3dmostafa2015
KudaLakorn,KLseason2
Beinsports-FR,Beinsports-FR
I AM WIN,iamyourwin
Hangama,pmmofficial
RajanPurians,RajanPurians
Jead Adam,Jefakun
RihannaTiaMay,Rihannatiamay
ca_dd,bbcall-lin
TodayPk Video Portal,imrannpt
okniverse,okniverse
React2That,React2that
End・Less・Dream・Ｈｏｕｓｅ,taiyou_to_kitakaze
Hayato12080716 1231,hayato12080716_1231
HD VIDEO SONG,majniali44
AvironFrance,AvironFrance
Penguin_subthai,Penguin_subthai
pyokoxile,pyokoxile
sargodhian.01,sargodhian-01
Shamsa Kanwal,funmaza4u
3C字幕組,tlz20151216
Beauty Tips for Girls,kainaatch
Masti Kar,mastikar
fous shumi,fousshumi
TV Azteca,TvAzteca
Kids HD Poems World,tipspk
Abb Takk,abbtakktv
Real Estate One,realestateone
Pratiks,Pratiks
Viva Malhação,vivamalhacao
yubisubs,yubisubs
MyLittlePonySeriesTv,MyLittlePonySeriesTv
CJ E&M,cjenm
Drama Buzz,dramabuzz
iGA7_Team,IGOT7Arabic
VIXX음악방송 by핑커벨,by_pinkerbell
AKB48,akbg
Ludovik,Ludovik
NESCAFEPakistan,NESCAFEPakistan
JaniSubs,Minjijaz
LEXPRESS.fr,LEXPRESS
Neko^^ Meow Meow,meowneko
Zoomin.TV España,Zoomin_Espana
Fast Company,FastCompany
GT,GT3
AKB48 Group fan's Channel,akb48fanmovies
Der_Doktor (EN),Time-Traveler
JuliensBlogBattle,JuliensBlogBattle
NewsyVideos,NewsyVideos
Daily Videos,5Sonline
Kissdatbam,kissdatbam
奔跑男女 Running Man,RunningMan10
BadManFans,badmanfans
Islandsmag,Islandsmag
hafid abdel,TheVideoshares
Child Dramas,FunBoxOfficialChannel
Movie Facts,facts
2010shows,2010shows
yaqoobmilano99,yaqoobmilano99
Cplay Network,Toodpler
Full,FullCourtPressVol1-vevo
Chris Pirillo,lockergnome
Movie1cartoons,movie1cartoons
Shaanzz Prince,kumanawish
Adrian Rios Benavides,tazhito
wgmreup,wgmreup
SENSE TV  / سينس تي في,SENSETVonair
AnimePace.TV,AnimePace
limukohou,limukohou
NaatPoint,NaatPoint
終極一班4  终极一班4 高清完整版,M_VV
๋James thawatchai,f100002028429330
EastEnders,ALIAXIA
Sony TV,f1030765126
tv net HD,TV-NET
MaxCash,MaxCash
GR KHOKHAR,GRKsweetsongs-58
Ahaut Akichi,2fresh
Omnivore-BTS,nanami-mitsuda-7
GAGKPOP,davidquynh95
Steven Universe,steven-universe-s
tzumato,tzumato
Amosin Music,amosin
T3Channel,T3Channel
Aurelien_Sama,Aurelien_Sama
Soto Kpop,SoTo-Kpop
Hollywood Maza HD Official Channel,HollywoodMazaHD
Favourite Tv,favouritetv
تلفاز المسلسلات,Tv-darma
Bilal Ashraf,computerustaad
Bollywood Plus,BolllywoodPlus
Awais Samoo,awaissamoo
Pak video tube,britneyvideotube
Kardashians & Jenners,laracroftbk
Best of T20,bestoft20
nabellalucia,nabellalucia
El Nacional Venezuela,elnacionalweb
Din News,DinNews
togetherinspirit,togetherinspirit
NB-ONE LARABE-STRAIT,Nhomme-Beur-One
Soshi Team 360kpop,soshiteam360kpop
Pakistani Dramas,pakistanidrammas
S.G.A,SGA9
Blanco y Negro Music,Blanco-y-Negro-Music
MyMajorCompany,MyMajorCompany
8xm,dm_51937b533f462
Maddie,adiad687
Yubseyo,Yubseyo
Entertainment Unlimited,salarmehmmand
Mix2U Subs,MiX2U
Kai,kaikai0317
televideoagrigento,televideoagrigento
HORSIE TEAM,JEIHORSE-VN
Berenice G.,abere24
Mecanopolis,Mecanopolis
Pashto Official Channel,PashtoOfficialChannel
HELIOPHONE,HELIOPHONE
DailyHighlights,ViralDailyTV
Arsenal class football,flo34mtp
pocky-choco,pocky-choco
HottbeatFansub,HottbeatFansub
Nedir,nedir
HQBB,HQBB
Shows2021,Shows2021
Ahsan777812,ahsan777812
Football.fr,football-fr
想看什麼節目請看關於我內反映平台，我會優先上傳,spjail
Girlsdayfansubs,girlsdayfansubs
aoi_vtv,aoi_vtv
Grade A Stuff,GradeAStuff
Sagar shukla,TereLiye2012
マサゴ,massgo2
TravelTelly,TravelTelly
European League Live Goals,EuropeanLeagueLiveGoal
drama plus,drama_plus
JeuxVideo-Live,play3-live
Zidanekrisz,zidanekrisz
NaoSol,naosol
CariitO miinOz,nena_cdlpm
Comedy Time,comedytime
CyberPeople,CyberPeople
Rororaemon,rororaemon
DramaFever,DramaFever
Seo Ke-Min,SeoKeMin
Gooz Gooz,rhdtk04
Kchannel,kchannel1
Team Produce101,teampdbckp
Joul,Joulmusique
Jason Borbay,Borbay
cinepex,cinepex
QuevedoTV,QuevedoTV
iKON Brazil,ikonbrazil
Formula Drift Nation,formuladriftnation
FitnessAllAround,carl-newberry2
AppuSeries,AppuSeries
ซับขี้ชิป,juneiis--
Enteritaniment TV,enteritament
The Patriots,ThePatriotAlert
Anti Grellou,AntiGrellou
World Musical Official channel,worldmusicalofficialchannel
milkykook,milkykook
Biscoot Live,BiscootLive
Tested,tested
Siphano,siphan0
NaBee ซับไทย,naruemonphol
Agence France-Presse (AFP),afpespagnol
Neighbours,AMINAXIA
Actress Tracker,Actress_Tracker
Hamaar Bhojpuri,HamaarBhojpuri
Top Novelas e Vídeos!,jandeilson-alves-3
Home Video,Etoile-noire1
themusclevideo,themusclevideo
SJDirectory,SJDirectory
Shafique Raja Khokhar,wwe-matchs1
La-lumiere,La-lumiere
YourDanceFloorTv,yourdancefloortv
SFCO,SFCO
恋愛映画２,yamamoto10
Flixgr,Flixgr
chimney,sweaterpawsjimin
PEACHISODA,peachisoda
Cartoonfun4u,pij73032
movies motion,digitaltv3d
samaatvnews,samaatvnews
LAY-HAN,chenhan0722
Flowerkim4,Flowerkim4
Online Free,online-free-watch
Home and Away,homeandawaydm
LIGHTSABER,tnk1308
ผิดอีกแล้ว ผิดตลอด,f100003088732613
yamachine7,yamachine7
TodayPk,TodayPk
CNRS,CNRS
FishingWild,FishingWild
Eric Briones Eric,DARKPLANNEUR
Saleem Taunsvi,farishtay
Drissou Factor,factor44
Fuzzion,fuzzzion
BayMagic,shim87
DaDDy_sHug_1972,DaDDy_sHug_1972
kkmovie,kkmovie
Jackofblade701,Jackofblade701
wanted36,wanted36
Swat_Generation,Swat_Generation
5min Music,5minMusic
Kriss,Kriss
R-M World,tgworld1
NOcode,NoCode1
musicworldS,musicsonline
LaLa.Laiming,leon-laiming
NollywoodLove,NollywoodLove
AngelEvil Quebec,1234angelevil
VSplanet.net,vsplanet
lljydbhna,dm_5069884570114
Shuffle Session,shufflesession
Khyber News,khybernews
Smap,Smap999
FFBB,FFBB
IL SEGRETO  2° STAGIONE,ilsegreto2stagione
Eun-HaeChuL90,heebumchingu
Hot Comedy,HotComedy
Worth sharing videos,worthsharingvideos
Rev3Games,Rev3Games
NY Daily News,NYDailyNews
music masti,usman-waheed
Media MasrTv,MediaMasrTv
BB Ki Vines,bbkivine
BeachWatching,RandomGamesMan
like17subs,like17subs
Tymka ime ✔,izabela-selimi
Patrioteduro,Discodandan
Astrofoni-DEMET BALTACI,astroloji
toutlecine,toutlecine
On n'est pas couché,onpc
licorne209,licorne209
baekfanboy1234,baekfanboy1234
Golden Show,LeGoldenShow
i4Time,i4Time
Hijab Style,ipincak
EZTV,easytelevision
K-show lover,kshow-lover
BTS Brazil Subs,Btsbrazilsubs
FaceTV1,facetv1
Skyiers,skyiers
Qasim Ali Shah,Qasim-Ali-Shah
Disney Channel,DisneyChannel
ktv010,ktv010
riderman,riderman
soshisubswgm,soshisubswgm
Première,PremiereFR
Bem Star,bmestar
cedric,bisonravi1987
Playboy,Playboy
OGN,ogn
MTv Music (Official Channel),ronak-patel5
Это Работает,itworksmedia
Dailymotion Dramas,youtubedramas999
Watchonline,CinemaLibreWatchonline
Yumengel,Yumengel
Watch Series Online,Watch-Series-Online
Perfect Tube,informationaltech
onAir,jw2tv
CNTV031(60MINS),CNTV031
Because Music,BECAUSE_MUSIC
hana02015,hana02015
eikichi,eikichi
Teen Titans,Teen-Titans-HD
ASIF SHAMS,AsifShamsTabrez
Hit Songs,HitSongsOfficial
Canal HD,canalhd
beny9000,beny9000
Variant,variantcomics
Risa-chan,Fuzzybunnychan
Violetta UK,tv-violetta-uk
5min Health,5minHealth
مسلسلات وأفلام كارتون بجودة عالية,shemmuk
FFSA TV,FFSA-tv
A-P Clips,ayaz18
2pm2u3,2pm2u3
demo_mega,demo_mega
madmoiZelle,madmoiZelle
Doraemon,doraemon-films
bande annonce film,bande-annonce-film
jouk_tarakanovitch,jouk_tarakanovitch
VideoCloud,VideoCloud
Kourtrajmé Productions,Kourtrajme_Productions
Top Zone,kingstar1
tv2015,tv2015
CNET France,CNETFrance
Bollywood Baadshah,ronakpatel1985
O Ses Türkiye,OSesTurkiye
Agence France-Presse (AFP),afpenglish
Lehren Movies,LehrenMovies
Arte france,arte-france
Poll Production,PollProduction
BOYS24_GLOBAL SUBS,boys24_global-subs
TheRatedMovement,TheRatedMovement
NusratFatehAliKhan-vevo,NusratFatehAliKhan-vevo
Dramasthree,dramasthreedramas
starplus,starplus1
Shenshah,shenshah_007
Lyle Anime-i.com,katiknam
Hymmusic,Hymmusic
NikNikamTV,NikNikamTV
Muzan-0,mushihimeffseb
Le Comité de la Claque,comitedelaclaque
Clevver Style,Clevver-Style
FUMAN307,fkfksz
Jean-Marie  Bigard,JeanMarieBigard
Yannick,Yannicklord
Kino Channel Jr.,kinochannel
Seoul For You & Love,kpopseoul
The best of Australia,XAAVIIET
Love Fans,lovefans
thailakornengsub.info,thailakornengsub
موقع فيلمي,filmeyTURK
onlinediploma.pk,dopk
Yuki-Apann,Yuki-Apann
XxasianloversxX,XxasianloversxX
Videos Addict,videosaddict
Audio Update,hunh-quang-thng
Sony TV Live,top4videos
Bollywood Hot and sexy,newvideosavailable
Kanal D,KanalD
康熙來了,Burak_Yorulmaz_3
