creator, channel
USA TODAY,UCP6HGa63sBC7-KHtkme-p-g
Seeker Daily,UCgRvm1yLFoaQKhmaTqXk9SA
The New York Times,UCqnbDFdCpuN8CMEg0VuEBqA
Associated Press,UC52X5wxOL_s5yw0dQk7NtgA
Al Jazeera English,UCNye-wNBqNL5ZzHSJj3l8Bg
CNN,UCupvZG-5ko_eiXAupbDfxWw
CBC News,UCuFFtHWoLl5fauMMD5Ww2jA
VICE News,UCZaT_X_mc0BI-djXOlfhqWQ
Journeyman Pictures,UCM2YmsRUeIbRkqjgNm0eTGQ
The Young Turks,UC1yBKRuGpC1tSM73A0ZjYjQ
Wall Street Journal,UCK7tptUDHh-RYDsdxO1-5QQ
euronews (in English),UCSrZ3UV4jOidv8ppoVuvW9Q
ODN,UCME81PohuzT1JMCsEtvsD2w
The Big Picture RT,UCY8x1K2FMBw-jm-WCPbcHEg
The Next News Network,UCLoNQH9RCndfUGOb2f7E1Ew
CBN News,UCYI_ychRnL7sJrG6PUSBpQA
Fox News,UCXIJgqnII2ZOINSWNOGFThA
The National,UCKjU3KzdbJE1EFcHVqXC3_g
Secular Talk,UCldfgbzNILYZA4dmDt4Cd6A
David Pakman Show,UCvixJtaXuNdMPUGdOPcY8Ag
RT America,UCczrL-2b-gYK3l4yDld4XlQ
FRANCE 24 English,UCQfwfsi5VrQ8yKZ-UWmAEFg
Bloomberg,UCUMZ7gohGI9HcU9VNsr2FJQ
RT,UCpwvZwUam-URkxB7g4USKpg
TheLipTV,UCBeyuzUWyvDAVpS_ibwMwnA
Los Angeles Times,UCw3SYO_euO0TSPC_m_0Pzgw
CBS Los Angeles,UCkH1uDkyuO9sVjSqdqBygOg
Pete Santilli Show,UCYr9ruxjGbBB1MOpuU6tpAQ
FOX 4 News - Dallas-Fort Worth,UCruQg25yVBppUWjza8AlyZA
WeAreChange,UChwwoeOZ3EJPobW83dgQfAg
American Heroes Channel,UCSvNzUDvn7FA8YBJM9E6o1A
Peter Schiff,UCIjuLiLHdFxYtFmWlbTGQRQ
StormChasingVideo,UCWAN-rRJFLosqgiiIFVpkEQ
VICE,UCn8zNIfYAQNdrFRrr8oibKw
Business Insider,UCcyq283he07B7_KUX07mmtA
Reuters,UChqUTb7kYRX8-EiaN3XFrSQ
KRQE,UCJnpF9oROFPvd7wWbPUDdGA
TYT Interviews,UCKw8kdkYfmuNSVehGoDw8Mg
thomhartmann,UCbjBOso0vpWgDht9dPIVwhQ
BBC News,UC16niRr50-MSBwiO3YDb3RA
Sky News,UCoMdktPbSTixAyNGwb-UYkQ
TheLipTV2,UCuUJ0ByfT_9idrRzIFu9OyA
Forbes,UCmh7afBz-uWwOSSNTqUBAhg
CNNMoney,UCe-4xQosMQGkIA8mT4sR98Q
Larry King,UCxzcBfvmeLmUNjlyM7FMgFg
The Daily Conversation,UCWQ9ZFFhEqUZ0r1IspnBm6Q
The Telegraph,UCPgLNge0xqQHWM5B5EFH9Cg
wochit News,UCJmSX7ghommK3pwMLGNUvPA
The Majority Report with Sam Seder,UC-3jIAlnQmbbVMV6gR7K8aQ
Fortune Magazine,UCP2gdh7HfjgCoi8lO50dA5w
TIME,UC8Su5vZCXWRag13H53zWVwA
Jesse Ventura,UCjeYqGx0STkSM6iWknsDl3w
CBS New York,UCNZyLULUQBp5e9Q1cKtvk6Q
Mashable,UCL8Nxsa1LB9DrMTHtt3IKiw
The Weather Channel,UCGTUbwceCMibvpbd2NaIP7A
KCRA News,UC-BSVXejMFhhml4V_VyoGxg
tpmtv,UCTcCX_XY4l-W2ba5IxIRhsg
Mark Wiens,UCyEd6QBSgat5kkC6svyjudA
emmymadeinjapan,UCzqbfYjQmf9nLQPMxVgPhiA
Hiroyuki Terada - Diaries of a Master Sushi Chef,UCbULqc7U1mCHiVSCIkwEpxw
Tastemade,UCqf_rFCGLODeUcw3p_Abr-A
CharlisCraftyKitchen,UCuapoB5ePKwiU7zFqc4-weg
The F Word,UCiZ9jB1O8Aof6P2F9aRNJLg
BBQ Pit Boys,UCjrL1ugI6xGqQ7VEyV6aRAg
Cooking with Dog,UCpprBWvibvmOlI8yJOEAAjA
Everyday Food,UCl0kP-Cfe-GGic7Ilnk-u_Q
Cookies Cupcakes and Cardio,UCg-YSRB6TsIq-c5PUZ0F1Jg
Gordon Ramsay,UCIEv3lZ_tNXHzL3ox-_uUGQ
MyCupcakeAddiction,UCxytOEPP99jj8mqVGAO7haQ
Sanjeev Kapoor Khazana,UCmoX4QULJ9MB00xW4coMiOw
How To Cook That,UCsP7Bpw36J666Fct5M8u-ZA
Munchies,UCaLfMkkHhSA_LaCta0BzyhQ
Cooking With Jack Show,UCf-k6-nJ6NzStEFdpBl03gQ
Laura in the Kitchen,UCNbngWUqL2eqRw12yAwcICg
Helen's Recipes (Vietnamese Food),UCMmZEL8jV1B61NKAXcyW87A
HooplaKidz Recipes - Cakes,UC-vObULK1w635bdFQpNlbQA
Maangchi,UC8gFadPgK2r1ndqLI04Xvvw
Rosanna Pansino,UCjwmbv6NE4mOh8Z8VhPUx1Q
Strictly Dumpling,UCXOKEdfOFxsHO_-Su3K8SHg
Clean & Delicious,UCj0V0aG4LcdHmdPJ7aTtSCQ
CupcakeJemma,UCoMum0pwewO8_WtTlUQxGHw
Cake Style,UCNyp7l_6hmeKUrTOULmpiXA
POPSUGAR Food,UC1aJuxLHlw8bBV6mfCqVfog
Food Wishes,UCRIZtPl9nb9RiXc9btSTQNw
Scott Rea,UCs_t4Om5siqqFtVGd639Z0Q
kawaiisweetworld,UCy8YC5oYluMVYARiCRarcjw
Bhavna's Kitchen,UCM4vLyVm4MPhS3o5o729Udg
Tipsy Bartender,UCaDY8WjYWy36bnt0RVzSklw
Kitchen Nightmares,UCUZzyuAlhHNP3oiuMjn7RfQ
Divas Can Cook,UCubwl8dqXbXc-rYE8MOSUnQ
ChefSteps,UCxD2E-bVoUbaVFL0Q3PvJTg
Randy Santel,UCMJlGrPk73l9U6qahc8D_gA
Entertaining With Beth,UCSbgQOPHnLhKMus6O4lFM2A
Kin Community,UCv-D6IpYrkgaYIcUp3pvHcw
Feast Of Fiction,UCmuK_ntZEGCXOmnfZW_LWnw
Nicko's Kitchen,UCffs63OaN2nh-6StR6hzfiQ
How To Make Sushi,UCosny7dI3LVZE-GWR1RKxsg
Seonkyoung Longest,UCIvA9ZGeoR6CH2e0DZtvxzw
Nameless,UCwnro7pVC3fDjVavLT_LAjQ
Hilah Cooking,UCciOWSHoC_UFmInZBlVHSuA
Gemma Stafford,UCB9IPcQ_x8dO66s1Y9FZUDg
I Heart Recipes,UC1dzkIaMDJzv3ZuS0DdEWoA
Pailin's Kitchen,UC27C_HWo-UmKkdWGsRJZ8EA
Allrecipes,UC4tAgeVdaNB5vD_mBoxg50w
SimpleCookingChannel,UCsWpnu6EwIYDvlHoOESpwYg
FoodFood,UCthIcpK06l9bhi9ISgreocw
Rajshri Food,UCdegm7Y2AePJhkkmWCyYEwg
TatyanasEverydayFood,UCkrdI6_uNjgw4LUbE6JCxmQ
Pink Cake Princess,UC6KMSkGenEKmlutIf1SAeyw
Noreen's Kitchen,UCt4JkHmgAq1EnQc1Cc5M4xw
Home Cooking Adventure,UCemXyN0MvApSEEtGvAsdo3g
OnePotChefShow,UCYvqEiyy1pr5Sel8OtEuoeQ
madhurasrecipe,UCGBsgCFLzV4hmY7OMv6o-UA
Joy of Baking,UCFjd060Z3nTHv0UyO8M43mQ
The Art Of Cooking,UC9pJdcUHnkqCAM_HypH3KOg
Artisan Cake Company,UCskIPGdQ2oNmfm1UQgRwboQ
CookWithApril,UCX0kj_Hz-VY22eX9quwhwcA
My Virgin Kitchen,UCAzyupPG4vdo8jd9nJ13LAw
ochikeron,UC5xAkS4828lDivq8cKFGSyw
Fit Men Cook,UCtaNepQqDZc0a-dfRlt7UZg
HellthyJunkFood,UCY1Yc3xA1aY0lqnKUTDTi7A
Todd's Kitchen,UCVyTdgzzKziBiJlepEVrV-w
Tasted,UCijDvo0eZB8Jb4XSnLnQ8vw
America's Test Kitchen,UCxAS_aK7sS2x_bqnlJHDSHw
Timothy Ⓥ,UCoLwWY9zQ7Jp8aDtYUszmYg
Common Man Cocktails,UCm4_NTvhixXU3YFetu8z-aA
SweetAmbsCookies,UC3I0VtPUgUkhLpggtt7iIpw
NDTV Good Times,UCRqWqb-iDlueYhUT98Ouj2A
Rawvana English,UCZMX5mnCXg8xfULwZBGedjA
Weelicious,UCCuItaN9Yzb8jEAIoyLibBg
Ballistic BBQ,UCxqg1-LTxBXZBPp39SE_Kjw
Montreal Confections,UCIhcXorwRMM7A59nrP6DNhA
CHEF MAMA ROSA,UCu3KOyas91ceUYvkNzNR1Zw
OurHalfAcreHomestead,UCcZzXUnMdRnmYqLK-y4D_Pg
onelifeonewayvid,UC0csRyTQ3_bS5LELHd9v8qA
Panlasang Pinoy,UCIjw46txjW6oD4NU6FHaj_w
Smoky Ribs BBQ & Southern Cuisine,UC0UPLkKVX3qyiQ8MqQgYw8Q
Angel Wong's Kitchen,UCCJdqnlqrmTUAYvS6i3nAXA
cookingwithalia,UCB8yzUOYzM30kGjwc97_Fvw
Aashpazi.com,UCZXjjS1THo5eei9P_Y2iyKA
Manjula's Kitchen,UCb75CvYbm5BXpbEkGqFKABw
Scoff,UCIEyVdmTUcAr2xvN-Wt_Fog
Linda's Pantry,UC8rv3EEvlEsk8WwqSYOCYRw
COOK WITH FAIZA,UCR9WXUxcp0bR9OWi5ersIHw
caribbeanpot,UCJPL-KaRXesxML5G4xrfUAg
studiolorien,UCfV8BugCBbXVW5ZIxw63KEA
ByronTalbott,UCD5WWnRed32y3xGwmrDhUiQ
Julia M Usher,UCVI1akTqzr_DYKFGCV4dacA
HowToBBQRight Malcom Reed,UC--MxpGXJ3LVD8KvlNzRlcA
Betty's Kitchen,UCu41XMEGBUSr7k_d5oDZ84w
JapaneseCooking101,UC1CL9_o8c7sXfiMWJuTLp-Q
FOODBEAST,UC2BFx9glnPZ-fK3UPDo3V3A
Haniela's,UCDX_TE0Y2pr-vvltK79mVkw
Jack On The Go Show,UCw0txNYH3VnFypn221OQOXQ
DNews,UCzWQYUVCpZqtN93H8RR44Qw
The Slow Mo Guys,UCUK0HBIBWgM2c4vsPhkYY4w
National Geographic,UCpVm7bg6pXKo1Pr6k5kxG9A
AsapSCIENCE,UCC552Sd-3nyi_tk2BudLUzA
CrashCourse,UCX6b17PVsYBQ0ip5gyeme-Q
Vsauce,UC6nSFpj9HTCZ5t-N3Rm3-HA
Discovery,UCqOoboPm3uhY_YXhvhmL-WA
Taras Kul,UCkDbLiXbx6CIRZuyW9sZK1g
SciShow,UCZYTClx2T1of7BRZ86-8fow
SmarterEveryDay,UC6107grRI4m0o2-emgoDnAA
BBC Earth,UCwmZiChSryoWQCZMIQezgTg
Vsauce2,UCqmugCqELzhIMNYnsjScXXw
HouseholdHacker,UCI4I6ldZ0jWe7vXpUVeVcpg
Howcast,UCSpVHeDGr9UbREhRca0qwsA
Science Channel,UCvJiYiBUbw4tmpRSZT2r1Hw
Naked Science,UC8JT2m0mKEgvEtie3JNKwew
TheBackyardScientist,UC06E4Y_-ybJgBUMtXx8uNNw
carsandwater,UCmxCoyvGU3IndS7bm9oH3Vg
Animal Planet,UCkEBDbzLyH-LbB2FgMoSMaQ
SciShow Space,UCrMePiHCWG4Vwqv3t7W9EFg
Big Think,UCvQECJukTDE2i6aCoMnS-Vg
Veritasium,UCHnyfMqiRRG1u-2MsSQLbXA
It's Okay To Be Smart,UCH4BNI0-FOK2dMXoFtViWHw
Scott Manley,UCxzC4EngIsMrPmbm6Nxvb-A
Epic Wildlife,UC10Tc1mzoPTibXDyVXFf9fw
TheSpanglerEffect,UC6sWKVFVfuyTk0FTPY4c62Q
Big Cat Rescue,UCcftblae5aEnraa34d1FPQg
Make:,UChtY6O8Ahw2cz05PS2GhUbg
Bozeman Science,UCEik-U3T6u6JA0XiHLbNbOw
HowStuffWorks,UCa35qyNpnlZ_u8n9qoAZbMQ
Rock & Roll Hall of Fame,UClh2CI968a1tE8pQ31pg_Ww
Buds131,UCUxuYuqe-XBFonUGFLETfnA
Motherboard,UCB6PV0cvJpzlcXRG7nz6PpQ
PBS Digital Studios,UCq6OAftTQOuUBRdtUDq5SUA
MinutePhysics,UCUHW94eEFW7hkUMVaZz4eDg
HISTORY,UC9MAhZQQd9egwWCxrwSIsJQ
The Paley Center for Media,UC4-hGd01KPF1i9xSWtox0JQ
Tested,UCiDJtJKMICpb9B1qf7qjEOA
University of California Television (UCTV),UCh6KFtW4a4Ozr81GI1cxaBQ
Sick Science!,UCDom90xOqP4avehFjSJO6NA
AsapTHOUGHT,UCznHh6gk3ewFhaTZtdQFWWw
Shots of Awe,UClYb9NpXnRemxYoWbcYANsA
AWE me,UCNKcMBYP_-18FLgk4BYGtfw
Suspicious0bservers,UCTiL1q9YbrVam5nP2xzFTWQ
Brit Lab,UCdsOTr6SmDrxuWE7sJFrkhQ
Healthcare Triage,UCabaQPYxxKepWUsEVQMT4Kw
Military Arms Channel,UCZ-qxagOkAmCEP-Tu6YliUQ
Mist8k,UCyrkULcST6hSwvnK5qda00A
CGP Grey,UC2C_jShtL725hvbm1arSV9w
The School of Life,UC7IcJI8PUf5Z3zKxnZvTBog
Binaural Meditation Music - Sleep Music,UCccmi781INRwkaQW7_sIaUw
patrickJMT,UCFe6jenM1Bc54qtBsIJGRZQ
OSHO International,UCS0s6BFzIcvC2gTH52_vBEA
How Farms Work,UCfECR0XVFoy3DunTSQC-E-g
John Heisz,UCjA8vRlL1c7BDixQRJ39-LQ
BlueWorldTV,UCFH-Qa1s6rQRTrQjFg8N84Q
Math Meeting,UC5mq4Ywd0lPPQJnK_5gq-yA
Hybrid Librarian,UCWYFq1JnfCFOUbk4Q7MCbWg
SpaceRip,UC1znqKFL3jeR0eoA0pHpzvw
prehistoricpetstv,UCxmpUZtj2j93UuFALWE1q4w
brusspup,UCeQEKFH31vvD-InkTGSvCrA
BrainStuff - HowStuffWorks,UCiefLm_nIz_gOH7XHbgpdCQ
MaxAnimal,UC3C-M-gdn2-muoxQvVAxO-g
Nat Geo WILD,UCDPk9MG2RexnOMGTD-YnSnA
Ultimate Survival Tips,UCvBrvjwF1Rn6RtjAQtnQMRQ
NurdRage,UCIgKGGJkt1MrNmhq3vRibYA
BBC Earth Unplugged,UCbwp5B-uDBy-fS4bDA0TEaw
Keith Hughes,UCErKUCncCyBgEdxWAtrj5hg
Nucleus Medical Media,UC85VW73bQLEjs_taFKP7TwQ
EnglishLessons4U - Learn English with Ronnie! [engVid],UC4cmBAit8i_NJZE8qK8sfpA
MinuteEarth,UCeiYXex_fwgYDonaTcSIk6w
sweetandtastyTV,UC9aWBNR-mDNzgRsO3XLJ7uw
engineer775 Practical Preppers,UCpDl4WPpgvvOeZFpw4ewycA
21 Studios,UCuErSr7xeR763BzTJL7yJ7A
Animalist,UCV2P4cb6zDK0G7c9Qj0sMRw
BrainCraft,UCt_t6FwNsqr3WWoL6dFqG9w
The Lion Whisperer,UC_NS4MiiHAFo3CYI7fRSLtQ
Animal Wire,UCDpi86-drykZcnaDmR_4Yqw
TechRax,UCmlsu3V3SzIm2Jmo0S0qiMg
TechnoBuffalo,UCR0AnNR7sViH3TWMJl5jyxw
NCIX Tech Tips,UCjTCFFq605uuq4YN4VmhkBA
LinusTechTips,UCXuqSBlHAE6Xw-yeJA0Tunw
WIRED,UCftwRNsjfRo08xYE31tkiyw
DetroitBORG,UCmY3dSr-0TOkJqy0btd2AJg
Android Authority,UCgyqtNWZmIxTx3b6OxTSALw
JayzTwoCents,UCkWQ0gDrqOCarmUKmppD7GQ
ColdFusion,UC4QZ_LsYcvcq7qOsOhpAX4A
Austin Evans,UCXGgrKt94gR6lmN4aN3mYTg
TechSmartt,UCpT9kL2Eba91BB9CK6wJ4Pg
BitWit,UCftcLVz-jtPXoH3cWUUDwYw
Tek Syndicate,UCNovoA9w0KnxyDP5bGrOYzg
DigitalRev TV,UCuw8B6Uv0cMWtV5vbNpeH_A
TechSource,UChIZGfcnjHI0DG4nweWEduw
Barnacules Nerdgasm,UC1MwJy1R0nGQkXxRD9p-zTQ
UrAvgConsumer,UC9fSZHEh6XsRpX-xJc6lT3A
Unbox Therapy,UCsTcErHg8oDvUnTzoqsYeNw
Booredatwork.com,UC5lDVbmgb-sAcx2fjwy3KQA
Marques Brownlee,UCBJycsmduvYEL83R_U4JriQ
PhoneArena,UCwPRdjbrlqTjWOl7ig9JLHg
thenewboston,UCJbPGzawDH1njbqV-D5HqKw
PhoneBuff,UChYU73igK5wQhWAXPh3X8PA
David A. Cox,UCWjgzVRdoEaZxiF_kVbrtsA
Jared Polin,UCZG-C5esGZyVfxO2qXa1Zmw
wwjoshdew,UC7YzoWkkb6woYwCnbWLn3ZA
MobileTechReview,UCW6J17hZ_Vgr6cQgd_kHt5A
CareyHolzman,UCmWNCO9wSjzOz1UV8jCvIHA
The Verge,UCddiUEpeqJcYeBxX1IVBKvQ
Pocketnow,UCO_vmeInQm5Z6dEZ6R5Kk0A
Techmoan,UC5I2hjZYiW9gZPVkvzM8_Cw
Erica Griffin,UCB2527zGV3A0Km_quJiUaeQ
Jonathan Morrison,UCDlQwv99CovKafGvxyaiNDA
Ziovo,UCrqy8sEdUgTwx7rpRtD9rlg
TechRadar,UCAY_M9HyJb8oMKPV1utQQyA
Tech of Tomorrow,UCNJP0oF6k62xA_qhCLfwI-Q
Ezvid Wiki,UCXAHpX2xDhmjqtA-ANgsGmw
The Kim Komando Show,UCU9HtOaaO-lcitPVVdsq99w
Paul's Hardware,UCvWWf-LYjaujE50iYai8WgQ
Max Lee,UCRAxVOVt3sasdcxW343eg_A
Tampatec,UCUfgq9Gn8S041qQFl0C-CEQ
Sonic Electronix,UCl76vrtVLcPPnOSIHVs8HMg
MW Technology,UCvIbgcm10GqMdwKho8C1Zmw
Tinkernut,UCZDA1kA3y3EIg25BpcHSpwQ
TechCrunch,UCCjyq_K1Xwfg8Lndy7lKMpA
Engadget,UC-6OW5aJYBFM33zXQlBKPNA
ThioJoeTech,UCrjliuC6PeXJ4P8XYl_iETQ
sonicstate,UCW64y2tidRL5njv0JrQdvbA
Pensado's Place,UCno8mYpnGhTA9COSW9sP8gQ
MobileReviewsEh,UC1hiI8TEoA0db5HhU4gbsUg
SuperSaf TV,UCIrrRLyFMVmmL9NDAU2obJA
Roberto Blake,UCovtFObhY9NypXcyHxAS7-Q
David Di Franco,UCTikFhzCiIXfOMS7D29dvYg
PhoneDog,UCsW36751Gy-EAbHQwe9WBNw
Mrwhosetheboss,UCMiJRAwDNSNzuYeN2uWa0pA
ZONEofTECH,UCr6JcgG9eskEzL-k6TtL9EQ
iCrackUriDevice,UCwiIs5V6-zX8xaYgwhRhsHQ
AskTheAndroidGuy,UCzLaQ6eeTVuAltzTrN7fzyg
Droid Life,UCTGBHncizmXKmgvwwLh8UlQ
pcper,UCtKh7t3br1obEQL6EyiAq0w
RCModelReviews,UCahqHsTaADV8MMmj2D5i1Vw
MrThaiBox123,UC_3vfVLGjww6N6ZudokdGvw
Tim Schofield (Qbking77),UCbR6jJpva9VIIAHTse4C3hw
The Art of Photography,UC7T8roVtC_3afWKTOGtLlBA
GoPro,UCqhnX4jA0A5paNd1v-zEysw
UFC ON FOX,UCv_s-FKXBwsq1zy4GCR3Ycw
The Fumble,UCojyGFb8W2xxSsJ5c_XburQ
MMAFightingonSBN,UC4f1JueVgo5t9HSmobCRPug
miniminter,UCWZmCMB7mmKWcXJSIPRhzZw
EvanTubeHD,UCHa-hWHrTt4hqh-WiHry3Lw
BeFiT,UCD0nBMLdq_KbIK9u-mzpNkA
blogilates,UCIJwWYOfsCfz6PjxbONYXSg
Red Bull,UCblfuW_4rakIf2h6aqANefA
FitnessBlender,UCiP6wD_tYlYLYh3agzbByWQ
TNA Impact Wrestling,UCOp8wkVqdrWbFYHjDv946QQ
UFC - Ultimate Fighting Championship,UCvgfXK4nTYKudb0rFR6noLA
NFL,UCDVYQ4Zhbm3S2dlz7P1GBDg
RIDE Channel,UCX9_Ks1MXuwXCmtt0fOFsxA
JesserTheLazer,UCQIUhhcmXsu6cN6n3y9-Pww
cookieboy17,UCmmVg6kyLbdl74FikqMJ4LA
Chris Smoove,UCnzbVkknmqhRqUKg7RDTDeg
USA Gymnastics,UCNCY2HGNRiXPqWejJDaWY8w
WWE,UCJ5v_MCY6GNUBTO8-D3XoAg
BdotAdot5,UCrrgwgOKqOWlvQaxC58fAbg
MLB,UCoLrcjPV5PbUrUyXq5mjc_A
Dude Perfect,UCRijo3ddMTht_IHyNSNXpNQ
Willow TV,UC2V_LHwvaNS2XWZ5l8x3jLQ
FOX Sports,UCwNqHDsnBCKT-olwJwIFyfg
TheCheernastics2,UCsTtsX8o7aad1AgLZ1IWcpg
Whistle Sports,UCZFhj_r-MjoPCFVUo3E1ZRg
Bundesliga,UC6UL29enLNe4mqwTfAyeNuw
VICE Sports,UC8C8WuWSsFjWFaTHcUQeQxA
Six Pack Shortcuts & Abs After 40,UCH9ciCUcWavMsFcAJtLUSyw
ToKe,UCi4bGMXRNqaGufQPQPN-uXg
FIFATV,UCpcTrCXblq78GZrTUTLWeBw
Strength Camp,UC0ASolYU_Yh3yShLFQC0stg
ESNEWS,UCI-Oq7oFGakzSzHFlTtsUsQ
The Come Up BMX,UCEt2RMm3EqtoerqX0-fUpfw
GingerNinjaTrickster,UCAGlOxmYbmXMifHpB43P2XQ
Global Cycling Network,UCuTaETsuCOkJ0H_GAztWt0Q
ATHLEAN-X™,UCe0TLA0EsQbE-MjuHXevj2A
Calfreezy,UC9-3c4LzdzT_HvW3Xuti9wg
NHL,UCqFMzb-4AUf6WAIbl132QKA
Ballislife,UC_zgOsTPdML6tol9hLYh4fQ
devinsupertramp,UCwgURKfUA7e0Z7_qE3TvBFQ
CashNastyGaming,UCvyTdLw8SkVmUcHYXSDEGwA
Yoga With Adriene,UCFKE7WVJfvaHW5q283SxchA
Buff Dudes,UCKf0UqBiCQI4Ol0To9V0pKQ
fighthub,UCwdVyruxCCqMR4DtPLhtwlg
sneakerwatchtv,UCzZq9kdDKkLfSc8E1N3Cx3Q
TMZSports,UCE3yf1AcIlXdps2EYbq3lzw
Soft Music & Yoga ~ YogaYak,UCBK-IXazHYcYit0K3ESnaxg
QJB,UCtuKVZ8J_E2N9BqswnBTdjg
SevenGymnasticsGirls,UC8iOxoMyDKmcVO8TL_20kyg
Tiger Fitness,UCzzYnZ8GIzfB1Vr3hk2Nj9Q
XHIT Daily,UCM1Nde-9eorUhq-teaWlgUA
Nitro Circus,UC9UGYdMSKasjY0mhU1lG4lQ
Network A,UCsert8exifX1uUnqaoY3dqA
Braille Skateboarding,UC9PgszLOAWhQC6orYejcJlw
World Surf League,UChuLeaTGRcfzo0UjL-2qSbQ
Mike Rashid,UCHp-_faz2gINcwGEf9A6ZZg
Brodie Smith,UCixstNkzkK0aUzo6N9OVl6Q
ScottHermanFitness,UCEtMRF1ywKMc4sf3EXYyDzw
GymRa,UCulr-lJe8M6CcJTsxVGFoIw
Kali Muscle,UCg_tz2iw7_-gf2xIL-DdM2g
AXS TV Fights,UCYsccWrD_6uRxWq3_L8ZWRA
Adam LZ,UCXIYLgIp6DYZHjmUUUXErmg
ThrasherMagazine,UCt16NSYjauKclK67LCXvQyA
PGA TOUR,UCKwGZZMrhNYKzucCtTPY2Nw
MrGoldenMut,UCY7S-Mpit9U5_-epMYNOQ0w
Shift Team HQ,UC47hfsRhwO1GIKe7UzbeoJA
StaxMontana,UCcYbdnZYzNEZvffqx-Pwl2Q
Facts.,UCmEnDJfwzlfVZyDdIznoiww
Nice Kicks,UCTD9V9t-tI2-Om704mOE44g
CULLENBURGER,UCE2rickgDMRPboKi95bWlFA
ElementGames,UCbNDGnwIkoNl2rBzUKNaVVg
Gento,UCyy2k6f4kvfgK9MIAuMmhVQ
MattHDGamer,UCCdv8O4SIcISvAW94XdZTEw
ShakeDown2012,UCS_cYMr_gRkU9lc6IBNjbMg
BadmintonWorld.tv,UChh-akEbUM8_6ghGVnJd6cQ
Rich Piana,UCJHroOyfde4rZLTL2Zmk1UQ
BikiniModelFitness,UCfzp-VtceORLoJlX32OcbdA
AntoDaBoss,UCRHTtgQUpHNwXEiLYiml3hA
Hoopmixtape,UCyUsxKtjdYnt8HOQ0i0sVeA
AndrewSchrock,UCDlMf3zbdoWYzTwQsaD0fRA
nbaworthy,UCrLamXyxmMYuhJGKMzmzjAg
KellHitEmUp95,UCLN1HVXptFXuu25LOJL3yjw
Spencer FC,UCWkr08nsQ9GuFvHgQYafi_w
MAJER Crew,UCGbyEw9yApZbI_xcUIovEyA
The Berrics,UCVq1Crat76rKsgu6WosKwmA
Meandmygolf,UCTwywdg9Sw5xs4wdN-qz7yw
KickGenius,UCrOgQZYG0olMJaMlNQPjLYw
World Rugby,UCE28rwYoaV7jvU6GVzdu_GQ
CapgunTom,UCIKtz7ymiikzRjdGCr_sZiQ
King Gryph,UCrZ0xUaTGrGunsAiU3wIkcQ
Bleacher Report,UC9-OpMMVoNP5o10_Iyq7Ndw
ILoveBasketballTV,UCgP1mu1UXba9r2owhCHo--g
NepentheZ,UCkaUtMpy3DU0L-q28pD62Ig
DCOOP,UC49DSriW-SmYKZTjKAdnBHw
Fight Network,UCCmUMwa4szS3kMjOXztIM9A
Christian Guzman,UCU1iJ2ChGwaNLvBjip0p2Ag
NightcoreReality,UCqX8hO4JWM6IJfEabbZmhUw
Misty Chronexia,UCm6yYwhAaKF-S1X1yS2KzSw
FUNimation,UCVi2lI40LetxLBKn-rtWC3A
ChannelFrederator,UC-pE29OUR43BqqBxIeyo_GA
How It Should Have Ended,UCHCph-_jLba_9atyCZJPLQQ
Flashgitz,UCNnKprAG-MWLsk-GsbsC2BA
Anime America,UC76ylFnNS-Tojn1I4PX1kIA
Element Animation,UC0AE_22J0kAo30yjasaeFqw
Kartoon Management,UCPijpPlQcmdCK6njGZCObig
MondoMedia,UCxLpKibphYqXrXpxAnR8MfA
FluffyMixer,UCtwPBSnKnAsvZeKLLig774A
EnchantedMob™,UClVPihc-qy7on0hGMsc0_hw
FilmCow,UCV3iHQsE2h3CH-LehgPRkMg
Shut Up! Cartoons,UC-T_EdQ6MTufAWnFXa7dnYw
Vivziepop,UCzfyYtgvkx5mLy8nlLlayYg
GundamInfo,UCejtUitnpnf8Be-v5NuDSLw
TeamFourStar,UCsvazPPlhZlch0-Z3wPByeg
VariantComics,UC4kjDjhexSVuC8JWk4ZanFw
OlafVids,UCU3V6u-NFi4TshSXiaWxQbA
Sam Green,UCyRJT1Crn3uwKJ4VHHr0CBg
Yo Mama,UCBMvWaA97BAegvJ_Hz6Vwuw
ExplosmEntertainment,UCWXCrItCF6ZgXrdozUS-Idw
CarbotAnimations,UC1uug_uZrVmylfPVBLBvitQ
Domics,UCn1XB-jvmd9fXMzhiA6IR0w
Blue Monkey,UChsteS_YFQWQkDyrEdqIOSA
Joe Gran,UC4m1l1G3tpb4C1EiljBLI3A
LeeandLie,UC8THb_fnOptyVgpi3xuCd-A
Nonparry,UCFWOvPFK-X7mZEJzWIIbI2g
SFS Animation,UC7TvXfBp8P2jaE1ZiGBILig
Simon's Cat,UCH6vXjt-BA7QHl0KnfL-7RQ
LittleKuriboh,UC2NU0s1H0p9N4jvF7qV59vA
HappyHour,UClLFG4uDxke_oBkZ78ktEog
iLL WiLL PrEss,UC19RiHSy28vMxg_dC1AI_fA
ComicsAlliance,UCWaEAUxJ5zhLmtD_6GCZvXw
Winky Dink Media,UCULQn673pMPq4AC4xTepANQ
Kabillion Channel,UCgyXqqCHIGju8CK3clAIY8g
Weebl's Stuff,UC9wk6mlzKKN3_sVMPd2p-3Q
Pinkie Pie,UCPflSzRRyzK2hhbVxNAnrhw
Albino Blacksheep on YouTube,UCaMruIfmW95vQJjcqCOe_SQ
VI Seconds,UC8T-1Q3rU1e_DmId8XSfbwQ
Vailskibum94,UCVJ2GFJzJgwyN7eWWWSpcHA
ForneverWorld,UCkkcUZJ-vrt3HomsacbTNLg
Eddsworld,UCSS6UvWXW8OZD9wpIVkD0YA
ComicBookCast2,UC20DNxT_UjT49mYOIocJAww
Emezie Okorafor,UCd_C3U1GGQ3ECPzn47NzvYw
Double4anime,UC-_27suqlGoF6R856LoR5GQ
Qaaman's Land,UC_AfxSHEcl8BM1EqcV2sDCQ
JubyPhonic,UCMsNS10PzxzEayT7UHS4p6g
tiarawhy,UCQgzky-ljdwt6uBepCO392g
Jaltoid,UC5Byb3kyBo6lVmUw8jWi5aA
ToucanLDM,UC1jfwsK2nwF7BEVeun4XHgQ
Anime Balls Deep,UCgR3SrM8T6GCFUTuxSFlR7A
markcrilley,UCno-YPZ8BiLrN0Wbl8qICFA
StevenSuptic,UCEY0yxj6QxG4RBVRSe5orig
ExperGamez,UCKaOcwliIgmzP87XMT0Arpw
Linkara-AtopTheFourthWall,UCejehlk5eLZlzgGP1rUx8kw
lozaus1,UC59jm6JUT_PNciq8XNHDCbA
AnimationEpic,UC1PcleKB2id1hsIIABvxUJg
Gigguk,UC7dF9qfBMXrSlaaFFDvV_Yg
AnimatedJames,UC3McNQHov_mlOk3Wg6U5Caw
James Farr,UCzI2mrHQdamwoxRfabRQO0w
King Of Lightning,UCtgGNJD_1OkY25yOYAm7tnw
Pencilmation Cartoons,UCUAL--p3qAa27luR0IYbjZA
The Mystery of Gravity Falls,UC38Qv_0pYEdw8WL2MClJKtA
Manga Entertainment,UCUc3Tm2Vrke_iDly-sM0_BA
MLP-Silver-Quill,UCdkdpZlBNPHPz_UphJpKgFw
Pitch and Magpie Productions,UCoNDHSYTmX5t2OltB8qt8AQ
Duo Cartoonist,UCaVf-df5Fm9U5ooS-UF7TOg
Sugarcube Corner,UCmPfjlwp3Up8x5UYPqdYvYw
TheInvertedShadow,UCqGa8yLCLhsJALDbv8iZj6Q
adrisaurus,UCAHPCNxU4A-TUV-lnu7u4tA
African Vulture,UCVaAjxoHN32qDCZLBKA5rIA
Ricepirate,UCnX9ICBUU8WZgMhrZUcRyuw
googoo888,UCdyY6sFMuQA1ZEaih0XvvCA
Comic Book Girl 19,UCPOrN8u0yH-gIEb7SkMwkTw
Anime Games Online,UC44_F0wx_Lb-qMIlInoUSLQ
JHaller,UCWP69o3B8jKd-Hz7NVILWTw
Nutrafin,UC9RqGb7JLe6aW30-m65YBRw
IAPROJECT,UCu33JdVED-0vqaNyw_bCTKg
TheMysteriousMrEnter,UCOCs7lAn_5fZWhnqMOOYfXQ
NatsuSekai,UCUL0buz8rHh5BCMz48-BWvQ
Moliminous,UCVKVmfXSkqhfCIpLLXFF26w
Sapphire,UCShq6Ckk5c8CJyfs1X9BY-g
LewToons,UC65K6fu-AuaSap6lTi4GxKw
Harry Partridge,UCir4goG7LBQCh5rc3frkHuA
Kphoria,UCPRCy0bLg-eGZMO04dxoksA
TheBestAMVsOfAllTime,UC6S81Ox7_peyOW74BvVTXYA
GlitchxCity,UC-lmdv0OTb4uQQSzwbzhLsg
Soproxi,UCAagFeINghDIHGAQH2An6Ew
Dawn Somewhere,UCSNd59iRYuFSqo-vb0qjJuQ
LittleshyFiM,UC9JxbE2SBXAAQ4YOH9GP0Ag
Wronchi Animation,UCH16H-DNfB0yf1Gxv5XfFEA
Anime Vice,UCmWcEEmlyAaB67Zn5uhtTAg
Hyun,UCpuj2Op5x9NuKbw3HaOEfjA
Blackenfist,UCku9RfLpvP5ITqiWatiqHxg
Attic Stein,UCSGGRdYlQt7yhKGPyTaLwzg
Mastermax888,UCyNnV6Wey3tTxpSnvBPP3Pg
NASCAR,UCuN9hYw2RpoAW8rZ3VK3isA
SmurfinWRX,UC686IJyF40geirhYyJEMfIQ
Saabkyle04,UC2dBZuI6gS-jv7PCIDXkXag
superspeedersRob,UC1nstSui0tPnJtMF2OZx5tw
Supercars of London,UCyoSWGYKkusssZWzRrsX4RA
rekjavicxxx,UC-mxnplD2WcxualV1Ie0pjA
The Fast Lane Truck,UCO-85LYfB61OP4SRAgpfncw
ChrisFix,UCes1EvRjcKU4sY_UEavndBw
Motor Trend Channel,UCsAegdhiYLEoaFGuJFVrqFQ
Michael Berenis,UCkQ2uHKqsval-ekG3-yjqWQ
Redline Reviews,UC2MrtVb1dT4FhcbOlW736kA
Shmee150,UCIRgR4iANHI2taJdz8hjwLw
MadRam11,UCQMYWynQkK-Q-sd0u2_rF0A
EricTheCarGuy,UC_q-UNDJeEBSHqKzAP_8x_A
EchoBoom Sports by The Orchard,UCFw1qLNT4tw321EyssMXC8w
TheSmokingTire,UCgeGealT0QYcrnoYRMltDZg
markfreeman408,UCd6ggwYxK5a9B7qH74uiUww
High Tech Corvette,UCK4IlIifmhZGq0aS4WP0NVg
EVO,UCFwzOXPZKE6aH3fAU0d2Cyg
WALTERRIFIC,UCl41VS1Nqxd3HnR-JyPA-tQ
Do It With Dan,UCrAmAHSuRHtlZx8zTW3Au9Q
Car Throttle,UCNBbCOuAN1NZAuj0vPe_MkA
Mighty Car Mods,UCgJRL30YS6XFxq9Ga8W2J3A
Fifth Gear,UCa6xsp7d4s-NgpPUGc57ZGA
MotoManTV,UCZgfBoK6nAiGaUclljtPYrw
subaruwrxfan,UCu3fngdIGYCQ-c7YG0e9FuQ
Autocar,UCIMzhx509wEXMuGkTK-kD9Q
Rob Dahm,UChg9P8du8Ykqy6MbMK5jpzQ
AutoMotoTube,UChI4p4l9OlVJ41c6AYQBtlw
Haggard Garage,UCIFkGwlFTbYKmxsbLtqq-TQ
CarsandCameras,UCU3gQGhk0lYK-fKOR0sopgg
The Fast Lane Car,UC6S0jAvcapqJ48ZzLfva12g
/DRIVE,UC5rBpVgv83gYPZ593XwQUsA
SPEED - MOTORS on FOX,UCrqcO8Vh-nM2fWFZnT1ss7A
Auto Express,UCYCgq9pdIv95dnjMPFdk_DQ
Scotty Kilmer,UCuxpxCCevIlF-k-K5YU8XPA
GTBOARD.com,UCEe-43j9WUt6A0pHBppRJ_A
FastLaneDaily,UCvfjriBh19Ddej0thncagUA
UTVUnderground.com,UCcJqKFm-PLqhKVNjvE3MpeQ
Monster Energy Supercross,UCkaNo2FUEWips2z4BkOHl6Q
ThatDudeinBlue,UCvLaRcvwQq4RCX-ER_zEG5w
Carbuyer,UCULKp_WfpcnuqZsrjaK1DVw
BustedKnuckleVideo,UCwJOLhqkBHVnT5wA1mkOzdg
BigKleib34,UCDxY7yP73nhobjLiUOm8how
HotRodMagazine,UCSXk90dGoNNA8hA6888-xIw
MotoSport.com,UC8k9J2Y9eE0N28mihfLD9fQ
Top Gear,UCjOl2AUblVmg2rA_cRgZkFg
Monster Jam,UCngNXEVdMZge3OpnD8Ca0Lw
mcmtv2,UCsOqLb9_cPFIBKt1eJi8Jew
YouCar,UCW2OUlFrrWiZvSsZRwOYmNg
Kelley Blue Book,UCj9yUGuMVVdm2DqyvJPUeUQ
Vehicle Virgins,UCtS0JcoBgAIEjmifiip8IJg
TWMXcom,UCi-hZPsEgi9LYK9B2gb0_hw
ETCG1,UCa7guRnhniICnS0mJbSDmMg
MotoGP,UC8pYaQzbBBXg9GIOHRvTmDQ
ROCKWELLOFFROAD.COM,UC3GX5S7NSPoq33w3rgoC93w
GTChannel,UCQjJzFttHxRQPlqpoWnQOpw
Car and Driver Magazine,UCOqhTsqySBCBTy571GArcXg
spencerhughes2255,UCh9e-eWfzQXdCfkFUvBPVGQ
4BangersProduction,UCt3v1DvV7rWh3bA5D8YhL5A
Velocity,UCd_vju15XYyTXgL-S3_2HtA
vurbmoto,UCF3xDLvgKlBkmVWdpmHXP_A
ScottieDTV,UC5sNNs8QoMYIV_yYA3QHMog
MCN - Motorcyclenews.com,UCB_cdRhIDhlavY2I5URSC7g
KMan's Ultimate Drag Racing Channel,UCyDaLMO3VccFGWjZLtNUCuQ
PowerModz,UCNXsfhIySc7qUuk_Of8jqIQ
Autoblog,UCkLbQpvXfOO18uYFjg7SkOA
ZJ Motovlogs,UCtDdDl5N6NXI_I2pXePLYGg
TheBayAreaRacing,UCb-_-1l13PcdA5plisICbKw
chaseontwowheels,UCidMMQafCAomjuD_a3DcdHw
Winding Road Magazine,UCeiBi8gptAwNoIHrZ3OUUbw
Fullboost,UCKBB6RO5gWsuTFPJPgCIOGQ
DarkDragonWing,UC_Neij7VbB09CNFg4BtxRlw
CarWarz,UC-mYzr9LGSK7paIDZ2yWcUQ
Wyldfantasies,UCr3VViOPv1bGa0EPkYjJwHg
bat96chevy,UCTTGysIQjKSKBjy0GCdGp0w
Goodwood Road & Racing,UC8rador8CU-pTJ6p7WNiv6w
Marchettino,UCBzfdgfIAANfgP3xyhVaEfQ
Motorcycle.com,UCUJeW9pnxhDZ5GA0TNRl4zg
EXOabigdeal,UCnPUPyvBxLU7AckK16m9n1w
TestDriveNow.com featuring Auto Critic Steve Hammes,UC9fNJN3MSOjY_WfhhsgNJNw
Bullshitkorner,UC1zgwXESoq-Qb0OZV2VxCdg
diyautoschool,UCH7RpXjPcKNSw5Shb4WCIGA
TT -ROAD -WARRIORS - Lockk9,UCqhISgSTfSDTnHDmoTh8xOQ
Motorcycle USA,UCDr-sZ_Ghg_VmXxDFZxSJtw
GTWorld,UC-yHapH6mW1ceZ_5PDUf1_g
Ron Roberts,UCapdSW1ESce69FmesLkScCA
MXPTV,UCMEW7aJFJdI-gRhXw3UtWKA
spamsafe,UCBqWtrtVaxJK2KDsdtmTnsQ
AlphaJDM,UCMLJn9NMYVc6UZx4zdHQMxw
meade916,UCAn7KfxuoxUur8dP-lFCjdA
EXOcontralto,UCF5E6g_RiqdtYO4ZiiK6F6w
nhra,UCJcErqlzaBzFmAh2uIxeqxQ
FearlessFront (Todd Christopher),UCEfmZ9qmyvjEDj3c6f9AN_w
peterwindsor,UCPwy2q7BNjdLYu1kM_OEJVw
EverydayDriver,UCv-FM9e2vGXIEExo7L-ogOQ
Cars.com,UCVxeemxu4mnxfVnBKNFl6Yg
Cute Girls Hairstyles,UC2LgZ_4GzSFQS-3a87_Jc6w
Niki and Gabi,UCuVHOs0H5hvAHGr8O4yIBNQ
Simplynessa15,UCqvsPL3r5Z8023PyoIbiikg
Zoella,UCWRV5AVOlKJR1Flvgt310Cw
grav3yardgirl,UCGwPbAQdGA3_88WBuGtg9tw
Brooklyn and Bailey,UC6QWhGQqf0YDYdRb0n6ojWw
Aspyn + Parker,UCxjZe0qTFXh6jGm54LFWEDw
MayBaby,UCJi_befq0YDYJ9fCeyHxJbg
MyLifeAsEva,UCAoMPWcQKA_9Af5YhWdrZgw
Clevver Style,UCGUkuAaBDkYPdUhIetzLQxQ
ThreadBanger,UCBMxQPhfM6nkhQ8vPfQhkCg
AndreasChoice,UCUMyZ3GFwAPkEuai3zR3rxg
LaurDIY,UCap97Ue8K_BpKlrvQRYd6JA
Manny Mua,UCbO9bltbkYwa56nZFQx6XJg
Tati,UC4qk9TtGhBKCkoWz5qGJcGg
MissRemiAshten,UCKN9PT9mTOnUHqUnEE0gfyw
Wayne Goss,UCCvoAe__WFYMNAEN-C-CtYA
Meghan Rienks,UCERTKUMXl6x8G79BmG6KtpQ
Carli Bybel,UC21yq4sq8uxTcfgIxxyE9VQ
Meredith Foster,UC2LOY_zd1ZAc1kZPyzoqhMQ
Nicole Guerriero,UCz0Qnv6KczUe3NH1wnpmqhA
Bethany Mota,UCc6W7efUSkd9YYoxOnctlFg
AlishaMarieVlogs,UCF1Q_zp3Eh3nuEHvMbdKkqg
Madeyewlook,UCiXoZHFowJUlDVMuRFAwVAw
Gigi Gorgeous,UCzco9CewPf0F-SP1p6LhWrw
KathleenLights,UC8v4vz_n2rys6Yxpj8LuOBA
Kandee Johnson,UC9TreTE-iXwfwQl72DzDurA
Makeup Geek,UCE1BqH-72EBs-siTbDAjOGQ
Rclbeauty101,UCB0d0JLn1WcGYcwwZ87d2LA
ThatsHeart,UCjHyFOH80C4x_2n_Korx4QQ
PatrickStarrr,UCDHQbU57NZilrhbuZNbQcRA
Tanya Burr,UCrIIH7yHQugaUuoTZDoEUuQ
Lauren Curtis,UCXbQzhqSvgVZTUyi1T4AU3w
Chrisspy,UC3JxYPRHnB5TvaCFuKfcdJQ
PiinkSparkles,UCCgDVqiPU10shxzmwkMwJ6A
AlexandrasGirlyTalk,UCzEolHECo7JmmkWMGDYaSOA
jeffreestar,UCkvK_5omS-42Ovgah8KRKtg
Chelsea Crockett,UC6uoNgqjoiZd27Ea0a5hXzw
Chloe Morello,UCLFW3EKD2My9swWH4eTLaYw
Wengie,UCD9PZYV5heAevh9vrsYmt1g
Channon Rose,UCXof-FuAhf5_l9nJAY_E8gA
Michelle Phan,UCuYx81nzzz4OFQrhbKDzTng
Aspyn Ovard,UCR1EMxu9anmg7DhJBxNUbsA
POPSUGAR Girls' Guide,UCkk2vs5EXLFUMuVyhy7oOMQ
CutiePieMarzia,UCe9oofjVfJzapRyVlt57x8Q
GlitterForever17,UCl0Vpub9kTgBhGwGFd0rdfw
Seventeen,UC0IXvMUUPeYNVGe88ieMDEg
MsAaliyahJay,UCneR_qQ1NE_u9neBSEJJ7lg
Tealaxx2,UC74TKDOfP5ef0CQRT8Wg3tQ
Jackie Aina,UCzJIliq68IHSn-Kwgjeg2AQ
TiffyQuake,UCyT6APaPTsFEwtEHu-oMqFA
emilynoel83,UCtC8m_F7jX2fGOQ3_nomg4g
Samantha Maria,UCooQN8b9yPeNQgUFa9S5xew
Teni Panosian,UCojExR87u5xNXSkrJ26ORMA
Ingrid Nilsen,UC5zSySQab9SA6Wz569WDgqw
Amanda Steele,UCZ90tZPn-ue2BmRAcDD88tA
Casey Holmes,UCxj0QizmFhx7kVKSArHBCTA
Dulce Candy,UCo5zIpjl2OQkYatd8R0bDaw
alpha m.,UC1KbedtKa3d5dleFR6OjQMg
Shaaanxo,UCMpOz2KEfkSdd5JeIJh_fxw
Cosmopolitan.com,UC4LADtN8xwppFydHUB1s5uA
dope2111,UC_GvMVffgctSISDkeWlKhXQ
Laura Lee,UCKMugoa0uHpjUuq14yOpagw
Kat Sketch,UC306rvZL68AXSgOT3Q3SOZg
BeautyyBird,UCBc5MfHtsqVcT5E9A44LOvw
AlishaMarie,UCSReacwdlGHHyTIyuROhVdQ
Teen Vogue,UCr7ZFxNlDvb3waeoTN1_3mA
Guy Tang,UCjzof44RG883SW61XlkP-Pg
SunKissAlba,UChFtIFokGfWATn1Je7Cf6Vg
AprilAthena7,UC2QS1dw4h3Eu89rwSr7nMng
HeyKayli,UCwNhhTBAXXePtgAz0Fs2flg
Danielle Mansutti,UCJRFJl5UDs4Citzs-uRcrxQ
Sierra Furtado,UCp5YGcQP2E0YKViVfl7jKTw
Tori Sterling,UCvREnrrKuHFePQ4W6UTcgnA
Chloe Lukasiak,UC0D4TPONTJ6cppMxQ9SD97g
clothesencounters,UCgWfS_47YPVbKx5EK4FLm4A
Slikhaar TV,UCC-ygwC3ZfSRhIcao8a2zyQ
Krazyrayray,UCzTtkLZFy6wqD4SsA9_fTtw
Charisma Star,UCggUd2MwKX5MzL5XFcXJLtQ
Kristen Leanne,UCUHIrjWu6eTGDtkg03fDG7Q
VICKYLOGAN,UC30T-Da4qfbKsH3KNctxZWQ
glamtwinz334,UCqRX-HCZf5HN3eRDhH_HVHQ
AdelaineMorin,UCzT17-Lvc5L_gIT10JQsjSA
eleventhgorgeous,UC4GtJWgv_PLBiWFihNGbF0g
Huda Beauty,UCRSvEADlY-caz3sfDNwvR1A
BeautyTakenIn,UCmSIwuk48zWJqpEOwn5fhVQ
MamaMiaMakeup,UCD2vBGB4mK7h3vaBchwvtvw
LoeyLane,UC39eHhTEqiBlqRbmIIYjm-g
Destiny Godley,UCWtioFCq3WHpML2pjQSJrIA
bubzbeauty,UCKTgL5yfBJXIgRbhe4Qs1Mg
HeyThereImShannon,UCK6qdKIEPXds0c93TuiOe3w
sonjdradeluxe,UCsGaCNos3uvLNY-Jyx2uTsQ
Sprinkleofglitter,UCfAEEhKikW1676DCa_0OWLA
HelloMaphie,UC6gqv2Naj9JiowZgHfPstmg
Meghan Hughes,UChZUCgX-hBXDpnpB8O1XQbA
Nathalie Paris,UCHxHR63YDdwzBbMRZwC6ZZQ
Elle Fowler,UCuaQ-5iDHAuUHdxdBDrrjPQ
hairodynamic,UCM8P1oAFg_k0hUwM2EnBm4w
pixiwoo,UCjEPwaev8_zrpafISAPhruA
RachhLoves,UCK-4JyAcQYBasFAe367on7w
Markiplier,UC7_YxT-KID8kRbqZo7MyscQ
LetsPlay,UCkxctb0jr8vwa4Do6c6su0Q
PewDiePie,UC-lHJZR3Gqxm24_Vd_AJ5Yw
PopularMMOs,UCpGdL9Sn3Q5YWUH2DVUW1Ug
CaptainSparklez,UCshoKvlZGZ20rVgazZp5vnQ
YOGSCAST Lewis & Simon,UCH-_hzb2ILSCo9ftVSnrCIQ
FaZe Rain,UCxaVOVnhmT0-HCUv72jtOTA
jacksepticeye,UCYzPXprvl5Y-Sf0g4vX-m6g
FaZe Rug,UCilwZiBBfI9X6yiZRzWty8Q
iBallisticSquid,UCa6Hg8HmooiDNaCT0_1NbQQ
stampylonghead,UCj5i58mCkAREDqFWlhaQbOw
iHasCupquake,UCqg2eLFNUu3QN3dttNeOWkw
SSundee,UCke6I9N4KfC968-yRcd5YRg
The Game Theorists,UCo_IB5145EVNcf8hw1Kku7w
Machinima,UCcMTZY1rFXO3Rj44D5VMyiw
thecreaturehub,UC6JmDMC2x3vafwH5QRB1khA
GameGrumps,UC9CuvdOVfMPvKCiwdGKL3cQ
Rooster Teeth,UCzH3iADRIq1IJlIXjfNgTpA
IGN,UCKy1dAqELo0zrOtPkf0eTMw
Sky Does Minecraft,UCKlhpmbHGxBE6uw9B_uLeqQ
Ali-A,UCYVinkwSX7szARULgYpvhLw
MrWoofless,UCYYAfx7S0LWbwHAEkb0o1HQ
TheAtlanticCraft | Minecraft,UC4f1zAG2BTkfOQV4_nFbpBQ
FaZe Adapt,UCi87kxosIT3wrnEA-mv4jWA
Cinemassacre,UC0M0rxSz3IF0CsSour1iWmw
TheDiamondMinecart // DanTDM,UCS5Oz6CHmeoF7vSad0qqXfw
DidYouKnowGaming?,UCyS4xQE6DK4_p3qXQwJQAyA
Cryaotic,UCu2yrDg7wROzElRGoLQH82A
FGTeeV,UCC-RHF_77zQdKcA75hr5oTQ
H2ODelirious,UCClNRixXlagwAd--5MwJKCw
Samgladiator,UCkHr3s40wguuatUUt-r-m4Q
ScrewAttack!,UCB9_VH_CNbbH4GfKu8qh63w
HikePlays,UCqkMn9bYQlhgzEjbktzEQpQ
Smosh Games,UCJ2ZDzMRgSrxmwphstrm8Ww
Node,UCI4Wh0EQPjGx2jJLjmTsFBQ
Jesse Cox,UCCbfB3cQtkEAiKfdRQnfQvw
DanAndPhilGAMES,UCuhwvTYFvVZjyBVXc9T7CrA
TobyGames,UCLCmJiSbIoa_ZFiBOBDf6ZA
TotalBiscuit,UCy1Ms_5qBTawC-k7PVjHXKQ
Sips,UCD4INvKvy83OXwAkRjaQKtw
Dorkly,UCHdos0HAIEhIMqUc9L3vh1w
Daithi De Nogla,UCvPW1W4WlpTgNezZzwIstLA
miniminter,UCWZmCMB7mmKWcXJSIPRhzZw
LDShadowLady,UCzTlXb7ivVzuFlugVCv3Kvg
Aphmau,UCzYfz8uibvnB7Yc1LjePi4g
PrestonPlayz - Minecraft,UC70Dib4MvFfT1tU6MqeyHpQ
LittleLizardGaming - Minecraft Mods!,UC5QA3ePozxshgdIbYafT_fA
ExplodingTNT,UC2nZMhZ2qG5-xpqb440WLYg
SSSniperWolf,UCpB959t8iPrxQWj7G6n0ctQ
Nathan Sharp - NateWantsToBattle,UCAKdbp1bKIdjqjRLIKvXCRA
Duncan,UCs4br3aZLU0sOEM-3n0-6xQ
KSI,UCVtFOytbRpEvzLjvqGG5gxQ
speedyw03,UCEe076nFuVobN0bAsXK7ICw
Slogoman,UCHdMK5Ef2El8KbD3L_WgANg
Hat Films,UC7A_dLnSAjl7uROCdoNyjzg
Thinknoodles,UChd1FPXykD4pust3ljzq6hQ
Nadeshot,UCs3l6DsCu9ZOXkJkvskEsrQ
SkyVSGaming,UCvMQn4d_RFWYShDBCbeuuxw
Mini Ladd,UCQCnMFr8uHBaMTaNBhych_A
I AM WILDCAT,UC-kOXc3gBwksVfmndSEz7jg
GAMINGwithMOLT,UCpk3zQzLnN5WwcA8gRcPgiw
VenturianTale,UC5VnC5l4dkFR0oVaPL_en2A
Typical Gamer,UC2wKfjlioOCLP4xQMOWNcgg
SeaNanners Gaming Channel,UCq54nlcoX-0pLcN5RhxHyug
Chris Smoove,UCnzbVkknmqhRqUKg7RDTDeg
JonTronShow,UCdJdEguB1F1CiYe7OEi3SBg
VanossGaming,UCKqH_9mk1waLgBiL2vT5b9g
Nordan Shat,UCxwRp8SBNqTakiXBTtSOr7Q
TheSyndicateProject,UC1ieoHqKW-yYgDhLHIcx28w
KYRSP33DY,UCIDlKYC7I6_76jCUBdX-6VQ
YouAlwaysWin,UCj4I9NfO3xIvl-Ym2Qzib1Q
Bajan Canadian - Minecraft & More,UCuj1Ms9_LCsQPSJ4p8nvOVA
stacyplays,UC2c6FqF4olAZ7LodVEUueNQ
TheSLAPTrain,UC3Xu9GSp5-yVa1ck91SjRWA
TmarTn2,UC36MGPfPwOWafAXauiV4LdA
packattack04082,UCg_j7kndWLFZEg4yCqUWPCA
Vikkstar123HD,UCmbnlwXAdGYACzvStDjquaA
theRadBrad,UCpqXJOEqGS-TCnazcHCo0rA
Escapist,UCqg5FCR7NrpvlBWMXdt-5Vg
TheSw1tcher,UC84X0epDRFdTrybxEX8ZWkA
NoahJ456,UCP9tAErY_RlX4RFKssE4ogg
Blitzwinger,UClJlcmhUkErNMYGAbzoGd8A
TmarTn,UCEHf6KUY7Zw7hlXQ7hDemwQ
M3RKMUS1C,UCMWHhRY7Iuxwm1hF1Fv-btw
Northernlion,UC3tNpTOHsTnkmbwztCs30sA
TheRunawayGuys,UCS2EY3XJCvXi5QGTN6mxUtA
Balenaproductions,UC4z_ElOst_CXrajL5M6EZoQ
UberHaxorNova,UC22TOQWJue006Lp6DB5QhDA
YOGSCAST Hannah,UCj_dHQWv08dQ0fv6IrzTChQ
EthanGamerTV / EGTV,UC1o4Ct4ca7uzqohH0xdaZpQ
XpertThief,UCDwujczvdxbbVHg-V4-kC-A
TheGamingBeaver,UCP-iaFrmWcOG0o461wMicdg
Mr. Fruit Gaming Channel,UCV96ER3MAI1S81HH6l9wwbQ
AngryJoeShow,UCsgv2QHkT2ljEixyulzOnUQ
OfficialNerdCubed,UCKab3hYnOoTZZbEUQBMx-ww
Vikkstar123,UCvwgF_0NOZe2vN4Q3g1bY-A
FaZe Apex,UCa7507M549AiDKN8J89tn5A
PlanetDestiny,UCYPe4nOymFwkoG3GxIFc5YQ
kootra,UC5DRS1AfES0hVY8eBRUqlrA
Joey Graceffa,UCGCPAOQDZa_TTTXDr5byjww
BuzzFeedVideo,UCpko_-a4wgz2u_DgDgd9fqA
Team Coco,UCi7GJNg51C3jgmYTUwqoUXA
Wendy Williams,UCv7YFWATebnJ1ty4cwMKgsQ
Clevver News,UCQjh-JVPNWfY-KsZS3RgRHw
Britain's Got Talent,UCUtZaxDF3hD5VK4xRYFBePQ
SevenSuperGirls,UCj2HtBTppiQLVrZfEjcFxig
CinemaSins,UCYUQQgogVeQY8cMQamhHJcg
Matthew Santoro,UCXhSCMRRPyxSoyLSPFxK7VA
Screen Junkies,UCOpcACMWblDls9Z6GERVi1A
Barcroft TV,UCfwx98Wty7LhdlkxL5PZyLA
BuzzFeedBlue,UCBUVGPsJzc1U8SECMgBaMFw
HigaTV,UCqNe2Mqtv5sNidn5hAAEfiQ
Saturday Night Live,UCqFzWxSCi39LnW1JKFR3efg
The X Factor UK,UCEY1ejsweY4DgMwOVJeEaBA
Warner Bros. Pictures,UCjmJDM5pRKbUlVIzDYYWb6g
Emergency Awesome,UCDiFRMQWpcp8_KD4vwIVicw
TMZ,UCK7IIV6Q2junGSdYK3BmZMg
Alltime10s,UCGi_crMdUZnrcsvkCa8pt-g
Good Mythical MORE,UCzpCc5n9hqiVC7HhPwcIKEg
WatchMojo.com,UCaWd5_7JhbQBe4dknZhsHJg
SevenPerfectAngels,UCmAhUhCZbPq8RTt9dT9RE2w
McJuggerNuggets,UCMz7JFeTmiO2oJgtmYhpUmQ
AwesomenessTV,UCWljxewHlJE3M7U_6_zFNyA
twaimz,UCzzbaQY1nPim5yroAjtXRTw
America's Got Talent,UCT2X19JJaJGUN7mrYuImANQ
Vat19,UCDRbNGFusqlXX4a5vwi9ouQ
OWN,UCKBnlTTgEnhIXv_c4LvvyMQ
DOSEofFOUSEY,UCgNa58UD6RXkbxgcwwRUtWg
Movieclips,UC3gNmTGu-TTbFPpfSs5kNkg
The Reel Rejects,UC7_WiJnJxpm4MRNesRttzWg
Geek & Sundry,UCaBf1a-dpIsw8OxqH4ki2Kg
TLC,UCqf2gzmKtH3PaAbt-qgFFsw
TheEllenShow,UCp0hYYBW6IMayGgR-WeoCvQ
MoreZoella,UCrUbqTCagwsaP2Fmr0p1TsA
JoshuaDTV,UCeNfkWyfEXpZ8d1DmvwDt_w
WOWPresents,UCUUUpaMp8DV6KUOfQwoIiLg
DramaAlert,UC11PvrGPzo6Y7Zc6-e9cAKg
Movieclips Trailers,UCi8e0iOVk1fEOogdfu4YgfA
truTV,UCb0xfM3HGOsqPYNAocXXNAQ
Lifetime,UCpYF_3dMxbTukeCG2GsgPbA
Ray  William Johnson,UCGt7X90Au6BV8rf49BiM6Dg
SevenAwesomeKids,UC7LoPchI2eDpoEanAff27pw
Top Trending,UCtg5C-d_3rPUgMaxr285mQQ
CaseyNeistat,UCtinbF-Q-fVthA0qrFQTgXQ
Thoughty2,UCRlICXvO4XR4HMeEB9JjDlA
Miranda Sings,UC1OFDlfdRb6ma1ZGZd07gWA
wutangcollection,UCtG36aNGHp_H0NNOFr-B-Qg
ColliderVideos,UCWvMmm_sSdgALpo1Ci4WvtQ
DancingWithYT,UCE07iGOc-SmVlXrROnaPuGw
merrelltwins,UCwtnkRZcvL4bfopzJ-Von8Q
Sony Pictures Entertainment,UCz97F7dMxBNOfGYu3rx8aCw
vlogbrothers,UCGaVdbSav8xWuFWTadK6loA
Bart & Geo,UCYmA2vTHngGpBGlxDWEFFtg
Clevver Movies,UCQMbqH7xJu5aTAPQ9y_U7WQ
ClevverTV,UCbdTs9fanN16NOrYSmq1JeQ
ConnorFranta,UCudeRz9YntRrmKBSqnHyKGQ
Nerdist,UCTAgbu2l6_rBKdbTvEodEDw
MyHarto,UCJQL1Fai-9GlVunsbP4x8Pg
Matt Stonie,UCd1fLoVFooPeWqCEYVUJZqg
Vsauce3,UCwmFOfFuvRPI112vR5DNnrA
Sam and Nia,UCAq9s3QQVCDMvg1iWQBVtxQ
ScottDW,UCaXDyLT3Xs4p8B0B79GFZCQ
ALONZO LERONE,UCqTk2nsJ9K_PRaDFG0rY4XA
superkian13,UCeTzt8EPd5KZn6ZYH07eUSA
The Real Daytime,UCdM8C3ufiI-i-I1XSugKVvg
Grace Helbig,UCIiBf-JbtCazHSFqXV4JgoA
KianAndJc,UC_DptbqTndVt_Im3KkuIK5Q
A&E,UCNIFiHaLZkYASaWDdkC1njg
PointlessBlogVlogs,UCnEn0EUV13IR-_TK7fiIp3g
Clintus.tv,UCu-x3zDk9Otg5Gr1-9UW8cg
Movieclips Coming Soon,UCkR0GY0ue02aMyM-oxwgg9g
MTV2,UCrkzfc2yf-7q6pd7EtzgNaQ
Alphacat,UCXH3RLvIK4bYsq949EHQhpA
Quirkology,UCvGMGQC8gNkd4gwxSbABIlw
Daym Drops,UCJNtkDAqZBwJF4GKVD-5QKw
Unknown,UCYgKGmAFebxpIF_dTs36qFQ
CineFix,UCVtL1edhT8qqY-j2JIndMzg
Tianne King,UCWyrh3KdJMJr1--CNQFaqFQ
Capital FM,UCZzwjZPc6R_PbnDgFVMwlvQ
SuperwomanVlogs,UCsl2vIAHvfb8r7ocg325GfQ
Rumble Viral,UCW3T8dQVEynwj6-_DArcM7w
The Nive Nulls,UCDd0gHs1F9U1Suw6aHGFH5g
SkyDoesThings,UCKhsGIW3ER77D-w6uWnX-HQ
SourceFed,UC_gE-kg7JvuwCNlbZ1-shlA
Inside the Magic,UCYdNtGaJkrtn04tmsmRrWlw
RocketJump,UCDsO-0Yo5zpJk575nKXgMVA
HollywireTV,UCvVq8bEmY431dorJsjQn7Rw
GQ,UCsEukrAd64fqA7FjwkmZ_Dw
JoBlo Movie Trailers,UCRX7UEyE8kp35mPrgC2sosA
Screen Rant,UC2iUwfYi_1FCGGqhOUNx-iA
AfterBuzz TV,UCCcVQKtF8zHVQoTJt8NNMJA
Button Poetry,UC5DH3eN81b0RGJ7Xj3fsjVg
VH1,UCvn-HVrAGYEKsVx6gW3MeNQ
jennxpenn,UCXUrDDdmQHni2UTSNyIh4ag
iJustine,UCey_c7U86mJGz1VJWH5CYPA
Ryan Seacrest Presents,UCl4h_3qTOIUnUX8KCICRM3A
Paramount Movies,UC9YHyj7QSkkSg2pjQ7M8Khg
Comicstorian,UCmA-0j6DRVQWo4skl8Otkiw
sWooZie,UCUKi4zY5ETSqrKAjTBgjM-g
nigahiga,UCSAUGyc_xA8uYzaIVG6MESQ
jacksepticeye,UCYzPXprvl5Y-Sf0g4vX-m6g
Smosh,UCY30JRSgfhYXA6i6xX1erWg
Annoying Orange,UCi-5OZ2tYuwMLIcEyOsbdRA
FailArmy,UCPDis9pjXuqyI7RYLJ-TTSA
Fine Brothers Entertainment,UC0v-tlzsn0QZwJnkiaUSJVQ
CollegeHumor,UCPDXXXJj9nax0fr0Wfc048g
Good Mythical Morning,UC4PooiX37Pld1T8J5SYT-SQ
Markiplier,UC7_YxT-KID8kRbqZo7MyscQ
JennaMarbles,UC9gFih9rw0zNCK3ZtoKQQyA
RomanAtwoodVlogs,UC-SV8-bUJfXjrRMnp7F8Wzw
Bart Baker,UCazMm3tOCkYrIGE_17j0mVg
REACT,UCHEf6T_gVq4tlW5i91ESiWg
PewDiePie,UC-lHJZR3Gqxm24_Vd_AJ5Yw
BFvsGF,UCqIqRzEge-Qvt4Iglx-uKdQ
IISuperwomanII,UCfm4y4rHF5HGrSr-qbvOwOg
Adult Swim,UCgPClNr5VSYC3syrDUIlzLw
fouseyTUBE,UC1r4VtVE__5K6c_L_3Vlxxg
PowerfulJRE,UCzQUP1qoWDoEbmsQxvdjxgQ
jacksfilms,UCPcFg7aBbaVzXoIKSNqwaww
All Def Digital,UC0vRcJh1-GQL_V4qm5F6xFw
ComedyShortsGamer,UCrqsNpKuDQZreGaxBL_a5Jg
The Key of Awesome,UCEmCXnbNYz-MOtXi3lZ7W1Q
ERB,UCMu5gPmKp5av0QCAajKTMhw
H2ODelirious,UCClNRixXlagwAd--5MwJKCw
Smosh 2nd Channel,UCYJPby9DRCteedh5tfxVbrw
AmazingPhil,UCHUE4ypXKp7ZkmdWbGJNgJg
Cracked,UCjD2KyAEm84yVH8cTilID7Q
RomanAtwood,UCnOVVuoLJ_1YY8A0V802wHA
danisnotonfire,UCGjylN-4QCpn8XJ1uY-UOgA
JukinVideo,UCsVXjNRWJMyXViNLM2pyMfg
BuzzPranks,UCOEYO2x_UJLXRUyoYQJ178A
Matthias,UC9VX0KXNH20x9MCH3xGjisg
howtoPRANKitup,UCMgQwzHQrefJYo5GTIvhV0w
Ricky Dillon,UCBxs6sUSOJ3UUATAi4rp30w
PrankvsPrank,UCgefQJC5UgbWJHDxBqB4qVg
shane,UCV9_KinVpV-snHe3C3n1hvA
Wassabi Productions,UCNdqe5zJ6k-i7XKoYWA4Z2g
FaZe Rug,UCilwZiBBfI9X6yiZRzWty8Q
BuzzFeedYellow,UCay_OLhWtf9iklq8zg_or0g
FuturisticHub,UC-L9KNntvOrGkFRmD9SE4fw
Jinx,UCJb7_Qsz9pNQDcOA4YA6TxA
TwinzTV,UCKvK7UlEj1gK1BEQ1TFyuCQ
Rhett & Link,UCbochVIwBCzJb9I2lLGXGjQ
BigDawsTv,UCu4X846OSea5YU6S8fIpy1A
Bad Lip Reading,UC67f2Qf7FYhtoUIF4Sf29cA
JustKiddingFilms,UC-A4oZF4AlOEdlyZWBCI0cQ
MysticGotJokes,UCXgfQbfVvYA9G9-Jb9cBSYg
Dudesons,UCuAcfy-GKYd1SPj8iEtA3Zw
TheSyndicateProject,UC1ieoHqKW-yYgDhLHIcx28w
BuzzFeedViolet,UC2GnuulpFRtTGFNuS1LKL5g
BroScienceLife,UCduKuJToxWPizJ7I2E6n1kA
JinkiesTV,UCN5DIICIAeZFoyp2Kg8gkvA
LifeAccordingToJimmy,UCtKf_mQKvfiPvpxyKBVWBoQ
JustKiddingParty,UCyG_mUXBIWaoLkuiRnAWDvA
SanFrezco,UCKHGqejYspoS1KXkVJozi9A
Just For Laughs Gags,UCpsSadsgX_Qk9i6i_bJoUwQ
CTFxC,UCvphW8g3rf4m8LnOarxpU1A
PsychoSoprano,UCR-QYzXrZF8yFarK8wZbHog
Epic Meal Time,UCYjk_zY-iYR8YNfJmuzd70A
Comedy Central,UCUsN5ZwHx2kILm84-jPDeXw
SUPEReeeGO,UCxWaUjAzfRXCCp9D5IHa27A
America's Funniest Home Videos,UC_zEzzq54Rm0iy7lmmZbCIg
Mr. Bean,UCkAGrHCLFmlK3H2kd6isipg
Timothy DeLaGhetto,UC3bO1qGcFovPqFEa-mg4EyA
WheresMyChallenge,UCmuqyTZzBhluHnLKVrzKONw
Late Night with Seth Meyers,UCVTyTA7-g9nopHeHbeuvpRA
GloZell Green,UC7FhOuPmxz8spz_xvJf_xow
Break,UClmmbesFjIzJAp8NQCtt8dQ
VitalyzdTv,UC1KPy3cAAj0i0RIFC_SzjMg
FamilyFeud,UCt8jfvd9skBAOT6XJwc_mJg
Coby Persin,UC-DUrA-h7-s_C57ECJ1BFPA
PrankInvasion,UCZ__vn_T9SK44jcM85rnt4A
Shane Dawson TV,UCN9wHzrHRdKVzCSeV-5RuzA
Alx James,UC0qjcilrxtf1HSVh3wlXfrA
LHUGUENY,UCiha1h9wDB6MBXQKtttqHUg
JoeySalads,UCBHu7LsKiwiYViR230RtsCA
Dolan Twins,UCITqR49EAUY8i1vZtXTwe-A
Wassabi VLOGS,UCshbzNZhSwE4G2qQNtXSyRQ
MagicofRahat,UCCsj3Uk-cuVQejdoX-Pc_Lg
BigBoyTV,UCvIFYR01Rp0VX5vegE_uHKQ
skippy62able,UCDZESjYAwh-ws7ZSZZ8DKeg
TomSka,UCOYWgypDktXdb-HfZnSMK6A
Paint,UCAVns3lt0t7w8lmUZQFlvrA
Tobuscus,UCVJK2AT3ea5RTXNRjX_kz8A
todrickhall,UC1VYb0EKcZuy9rG3q0VR57Q
FUNG BROS.,UC9avFXTdbSo5ATvzTRnAVFg
RichKidsTV,UCGUUlNidCMc7jiqQEuY9k1w
MoeAndET,UCgJtPNTnFdFdNL44Dctkt6A
Amiri King,UCCSwr-kjUw1cERtjHTcHmmw
DavidSoComedy,UCt8OnQ7ztuLrPrehlj8ZuuQ
TheMysticVlog,UCh_43jQ2Gej5bv9HR58xpLg
JStuStudios,UCv9rbAUUpoW0k8MP2R4UEJA
TheGamingLemon,UCoaWFCFBDCXS030uimjZAkw
The Warp Zone,UCSOkex4abVl14cZ4tLyUYzw
Ed Bassmaster,UCGAY8t6KCq0tXyBFfjXeHZw
Jeff Dunham,UC0NaWwWghJD37rMK2AYDidg
The Graham Norton Show,UC4PziMH5MvvsmqM0VCZTy-g
BestAFVonU2BE,UC-5Kr2sFSJf8jGjyRJ-4H8Q
T-Series,UCq-Fj5jknLsUf-MWSy4_brA
Atlantic Records,UCe4LM_eKc9ywRmVuBm5pjQg
NickyJamTV,UCpb_iJuhFe8V6rQdbNqfAlQ
majorlazer,UCMJ5Qf3sOvQpcYiai1Noa3Q
Ryan Lewis,UCXYRdIXDdeZIf816EWAr5zQ
SMTOWN,UCEf_Bc-KVd7onSeifS3py9g
HOT 97,UC5RwNJQSINkzIazWaM-lM3Q
Fueled By Ramen,UClVrJwcIy7saPcGc1nct80A
PTXofficial,UCmv1CLT6ZcFdTJMHxaR9XeA
Spinnin' Records,UCpDJl2EmP7Oh90Vylx0dZtA
Strange Music Inc,UC87iZ03xDe8csLCjWyV2E0A
Monstercat,UCJ6td3C9QlPO9O_J5dF4ZzA
kevingatesTV,UCj2GTFekdV3EUsTVN8oaEqA
BIGBANG,UCzw-C7fNfs018R1FzIKnlaA
Ultra Music,UC4rasfm9J-X4jNl9SvXp8xA
Coldplay Official,UCDPM_n1atn2ijUwHd0NNRQw
Skrillex,UC_TVqp_SyG6j5hG-xVRy95A
RHINO,UCWEtnEiVwUy7mwFeshyAWLA
Warner Bros. Records,UCDj64sior23IP_7xLe8R7sg
djvlad,UCg7lal8IC-xPyKfgH4rdUcA
Queen Official,UCiMhD4jzUqG-IgPzUmmytRQ
David Guetta,UC1l7wYrva1qCH-wgqcHaaRg
harlem fetty,UC_eQfAQjj6mYj92l3SBmIdg
Bruno Mars,UCoUM-UJ7rirJYP8CQ0EIaHA
Young Thug,UCuwdplPbuTFZj_64d03tSBA
Migos ATL,UC9YcTIQuhwgoOQqYMKYqW9A
ThePianoGuys,UCmKurapML4BF9Bjtj4RbvXw
The FADER,UCRCOCvfOkoqneyQCbNOUPwg
King Of The Dot Entertainment,UCIuFtIO8i_XqA8lM7q4B1FQ
Ed Sheeran,UC0C-w0YjGpqDXGB8IHb662A
Christina Perri,UC2gMECGMn5TVbRN5S5tKb8Q
The Official Gummibär Channel,UCyKa1YNZLio6XfjMR7fw45Q
officialpsy,UCrDkAvwZum-UTjHmzDI2iIw
Trey Songz,UC7DpParfqYQEbFGt5eTX5pQ
jypentertainment,UCaO6TYtlC8U5ttz62hTrZgg
Jason Derulo,UCe3yZzUwpmy2eKKmF9svX0Q
1theK (원더케이),UCweOkPb1wVVH0Q0Tlj4a5Pw
Musica de Arranque,UCMOMH14tEmCwbH_hHCtRtBA
Beyoncé,UCuHzBCaKmtaLcRAOoazhCPA
CJENMMUSIC Official,UC_pwIXKXNm5KGhdEVzmY60A
Armada Music,UCGZXYc32ri4D0gSLPf2pZXQ
MattyBRaps,UCmdY1pHB-KbFYxOyhwjVeQw
Pina Records,UCmKSr4RkQLqPPxSh2Y2xEdQ
Sony Music India,UC56gTxNs4f9xZ7Pa2i5xNzg
MattyBVlogs,UCCCysu6ecuB4TFqzkyxLJaA
HALIDONMUSIC,UCyOfqgtsQaM3S-VZnsYnHjQ
Passenger,UCFHtCB_FWXQ8GpjgfYcD8-g
Lindsey Stirling,UCyC_4jvPzLiSkJkLIkA7B8g
Trap Nation,UCa10nxShhzNrCE1o2ZOPztg
Machine Gun Kelly,UCUs8sGiP4avNaYNVO22INhQ
OfficialBoosie,UCPVfeAUR89G53sbucOsv6lg
Sing King Karaoke,UCwTRjvjVge51X-ILJ4i22ew
Reach Records,UCba2ts-4Sikp-65nK6qPhiA
Flo Rida,UCBRFlde39a2U4nAkmGqJwAQ
Ty Dolla $ign,UClVY6MdQxTZUaMDL-dLQDcw
TreeJTV,UC3SEvBYhullC-aaEmbEQflg
Fearless Records,UCKMYrg58k3muz90hG0OSVhA
Breakfast Club Power 105.1 FM,UChi08h4577eFsNXGd3sxYhw
Mad Decent,UCywgIB7Wd2woy5se8ReOpmw
Official Arctic Monkeys,UC-KTRBl9_6AX10-Y7IKwKdw
parlophone,UCoT5KO-FWsYrgu6VW73v3jQ
Tips Official,UCJrDMFOdv1I2k8n9oK_V21w
westfesttv,UC-OO324clObi3H-U0bP77dw
PostmodernJukebox,UCORIeT1hk6tYBuntEXsguLg
Trap City,UC65afEgL62PGFWXY7n6CUbA
StillMovin,UCygOEOR5_gHlG_SIgk1b9mA
Rotana,UCNhqvQMXIgRfjAGmxQqdNRw
Red Bull Records,UC7qn3NBI3XV7d8I3cvZeABw
Baby Kaely,UCtfqfTc21lRpic1o-wVGooA
Wale,UCN5dSZVxZtDULZ-ogtbEh4Q
CurrensySpittaTV,UCvtbERBK9tNbU2SzFCxeEVg
VP Records,UCZng8TYQxSMYuRS7CZd-nvg
XL Recordings,UCTTBHIoKPIWLAxxTNTiQ9vA
UnidiscMusic,UCZh2V-JNW_adTDY3j9FgFEw
BabyRastayGringo,UCkCb8eQYQXO61bFh0A4dWlA
Conor Maynard,UCpmD3iT-8TQzRuygIiS9bAw
KaraFun Karaoke,UCbqcG1rdt9LMwOJN4PyGTKg
Power 106 Los Angeles,UCBKIrKI8ezApiTVkEknu6xg
SwagyTracks,UCqhNRDQE_fqBDBwsvmT8cTg
elcarteldesantatv,UCunw-c0EKIX5LpPo8GpA2Aw
Kurt Hugo Schneider,UCplkk3J5wrEl0TNrthHjq4Q
VastagoPlay,UCmBRGqqtLAtG-vC0NZO3MHg
Eric Clapman,UC6Wej54Yh6uCABltYSWKDNw
Blake Shelton,UC9nxc-xiH1AnL9RGstfgurg
MrSuicideSheep,UC5nc_ZtjKW1htCVZVRxlQAQ
9LILG,UC3vtlXJpvXeRn6ls7Yrs8yw
Above & Beyond,UCVE-ybBDg3UHSUylEVdPAsw
Sub Pop,UCsgEkEWaXKQwrhlLHFbcQFw
MandoPony,UCfYV42dBZipAMNdcF1eYZBw
Jesse y Joy,UC6awBq3lKY35T__puHY2OYQ
Hardwell,UCPT5Q93YbgJ_7du1gV7UHQQ
KEXP,UC3I2GFN_F8WudD_2jUZbojA
beegees,UCD9sCcKXnFxMeuFoNayVxeQ
unisysmusic,UC6skOpWzyqC5AOTpg8V7Bow
Tyscot,UCpcJ-6YZa7uzzcMJ6MWbz9A
Charlie Puth,UCwppdrjsBPAZg5_cUwQjfMQ
2NE1,UCnsQjCVzmEd-YvlQZbo6zCg
ABS-CBN Entertainment,UCstEtN0pgOmCf02EdXsGChw
Baby Big Mouth,UCWr4vlkj5xXQ4bSXNeTT2AA
Blu Collection,UC7nGdI1YVbdj0lBqEeg8KxQ
Buzzfeed Video,UCpko_-a4wgz2u_DgDgd9fqA
Buzzfeed Yellow,UCay_OLhWtf9iklq8zg_or0g
ChuChu TV,UCBnZ16ahKA2DZ_T5W0FPUXg
Disney Car Toys,UCKjjmMqvuxNYw8c6knceexQ
EMI Music,UC2kTZB_yeYgdAg4wP2tEryA
Family Fun Pack,UCvthuVsurPaVz2a7_4LepGg
FunToyzCollector,UCqdGW_m8Rim4FeMM29keDEg
GMM Gramy Official,UCG9gfnA5UDoLvz-tC9B-HKw
Get Movies,UClZkHt2kNIgyrTTPnSQV3SA
Jacksepticeye,UCYzPXprvl5Y-Sf0g4vX-m6g
Justin Bieber,UCHkj014U2CQ2Nv0UZeYpE_A
Little Baby Bum,UCKAqou7V9FAWXpZd9xtOg3Q
Markiplier,UC7_YxT-KID8kRbqZo7MyscQ
Movieclips Trailers,UCi8e0iOVk1fEOogdfu4YgfA
Netdmuzikk,UCR5wZcXtOUka8jTA57flzMg
PewDiePie,UC-lHJZR3Gqxm24_Vd_AJ5Yw
Popularmmos,UCpGdL9Sn3Q5YWUH2DVUW1Ug
Seven Super Girls,UCj2HtBTppiQLVrZfEjcFxig
Spinnin' Records,UCpDJl2EmP7Oh90Vylx0dZtA
T-Series,UCq-Fj5jknLsUf-MWSy4_brA
Taylor Swift,UCANLZYMidaCbLQFWXBC95Jg
Televisa Telenovelas,UCKyU-wd-KY4PMOcOpPQgQcw
The Diamond Minecart,UCS5Oz6CHmeoF7vSad0qqXfw
The Ellen Show,UCp0hYYBW6IMayGgR-WeoCvQ
The Tonight Show Starring Jimmy Fallon,UC8-Th83bH_thdKZDJCrn88g
ToyPudding,UCKqx9r4mrFglauNBJc1L_eg
Vanoss Gaming,UCKqH_9mk1waLgBiL2vT5b9g
WWE,UCJ5v_MCY6GNUBTO8-D3XoAg
Watch Mojo,UCaWd5_7JhbQBe4dknZhsHJg
Wiz Khalifa,UCVp3nfGRxmMadNDuVbJSk8A
Маша и Медведь,UCRv76wLBC73jiP7LX4C3l8Q
FOX 10 Phoenix,UCJg9wBPyKMNA5sRDnvzmkdg
FreeDawkins,UCEjOSbbaOfgnfRODEEMYlCw
WhatCulture Wrestling,UCq8jp0E99ELBvmBxjJ-JLgA
TheMagicMan,UCQI7W6ikLs9sz3Z4LuPw6RQ
UrbanMonsterHigh,UCYqgL52cieh2LXY6GIvI0PQ
Fairy Slayer,UCxYiZpwD6OqyYAR6vOTytow
The Brony Notion,UCD_VOth7RmckN6DbmFJa__A
Jalopnik,UCbS8lAzGFBRyHYC8ibwcyyQ
WhipAddict,UCSNnb_mJEJIWkFgANfsRYLw
RatchetsAnd Wrenches,UCT5dv3iwFuy041dbWPB6skg
BlastphamousHD TV,UCtrIvE-HULm9jbgzN26AG-Q
BlastphamousHD TV,UCtrIvE-HULm9jbgzN26AG-Q
Jack Ü,UCtuGozGshjqqErhHGEmHnJw
Drake - Topic,UCU6cE7pdJPc6DU2jSrKEsdQ
The Weeknd - Topic,UClYV6hHlupm_S_ObS1W-DYw
King Imprint,UCafqCulUY1rEUB_Q9hWSPuw
FOX 10 Phoenix,UCJg9wBPyKMNA5sRDnvzmkdg
WhatCulture Wrestling,UCq8jp0E99ELBvmBxjJ-JLgA
FreeDawkins,UCEjOSbbaOfgnfRODEEMYlCw
TheMagicMan,UCQI7W6ikLs9sz3Z4LuPw6RQ
UrbanMonsterHigh,UCYqgL52cieh2LXY6GIvI0PQ
The Brony Notion,UCD_VOth7RmckN6DbmFJa__A
Jalopnik,UCbS8lAzGFBRyHYC8ibwcyyQ
Ratchets And Wrenches,UCT5dv3iwFuy041dbWPB6skg
WhipAddict,UCSNnb_mJEJIWkFgANfsRYLw
BlastphamousHD TV,UCtrIvE-HULm9jbgzN26AG-Q
BlastphamousHD TV,UCtrIvE-HULm9jbgzN26AG-Q
Jack Ü,UCtuGozGshjqqErhHGEmHnJw
Drake - Topic,UCU6cE7pdJPc6DU2jSrKEsdQ
The Weeknd - Topic,UClYV6hHlupm_S_ObS1W-DYw
